Item,Footprint,Energy_kcal,Protein_g,Fat_g,Carb_g,Sugar_g,Fiber_g,VitA_mcg,VitB6_mg,VitB12_mcg,VitC_mg,VitE_mg,Folate_mcg,Niacin_mg,Riboflavin_mg,Thiamin_mg,Calcium_mg,Copper_mcg,Iron_mg,Magnesium_mg,Manganese_mg,Phosphorus_mg,Selenium_mcg,Zinc_mg
agave cooked southwest,0.68988,135,0.99,0.29,32,20.87,10.6,6,0.087,0,0.3,0.36,3,0.162,0.099,0.012,460,0.112,3.55,39,0.142,9,0.2,0.25
agave dried southwest,1.033266667,341,1.71,0.69,81.98,50.7,15.6,1,0.216,0,0.3,0.76,7,0.87,0.644,0.021,770,0.189,3.64,207,0.337,37,0.6,12.1
agave raw southwest,1.691277778,68,0.52,0.15,16.23,2.58,6.6,2,0.055,0,4,0.23,7,0.162,0.039,0.029,417,0.138,1.8,55,0.094,7,0.4,0.15
bear black,1.496333333,155,20.1,8.3,0,0,0,0,0,0,0,0,0,3.2,0.68,0.16,0,0,7.2,0,0,162,0,0
blackberries wild,0.491,52,0.84,1.07,9.84,3.65,3.2,5,0.039,0,4.7,0.91,11,0.314,0.144,0.06,5,0.222,0.21,4,0.287,11,0,0.15
blueberries wild,0.971222222,52.5,0.96,0.38,11.355,3.23,1.3,3,0.013,0,10.25,0.845,16.5,0.4985,0.257,0.0485,14,0.015,0.735,3.5,1,14.5,0,0.1
bread blue corn,0.7775,186,3.1,1.53,39.84,12.94,3.6,0,0.168,0,0,0.34,0,0.55,0,0.03,34,0.119,1.58,43,0.405,94,3,0.82
buffalo free range,1.31,121.5,26.975,1.55,0,0,0,0,0.787,1.41,0,0.295,4,6.97,0.3935,0.161,3.5,0.153,3.185,24.5,0.011,223,8.75,4.03
caribou bone marrow,2.64,786,6.7,84.4,0,0,0,0,0,0,0,0,0,0.2,0,0.04,0,0,4.5,0,0,107,0,0
caribou eye,2.673333333,326,10.8,31.4,0,0,0,0,0,0,0,0,0,0.2,0.05,0.01,19,0,4.7,0,0,58,0,0
caribou hind quarter,3.6,159,28.81,4.82,0,0,0,94,0.373,6.47,0,0.88,4,5.89,0.814,0.291,5,0.325,4.8,24,0.043,215,16.5,4.3
caribou hind quarter meat,5.129285715,122,22.63,3.37,0,0,0,94,0.351,7.05,0,0.69,4,7.15,0.962,0.442,5,0.27,4.1,26,0.037,230,12.5,2.1
caribou liver,8.465,122,15,3.9,6.8,0,0,0,0,0,0,0,0,0,0,0,4,0,15.7,0,0,282,0,0
caribou rump meat,0.595,255,52.06,5.23,0,0,0,52,0.62,7.16,0,0.09,3,13.2,1.24,0.333,14,0.6,11,60,0.099,480,30.5,9.4
caribou shoulder meat,0.55,271,59.38,3.67,0,0,0,11,0.499,15.1,0,0.07,8,14.8,1.3,0.312,14,0.78,11,62,0.11,550,36.8,9.4
caribou tongue,1.005,260,13.7,22.8,0,0,0,0,0,0,0,0,0,0,0,0.12,6,0,2.8,0,0,150,0,0
chokecherries raw,1.239375,159,2.965,1.335,33.75,11.795,18.5,5,0.1955,0,3.1,0.55,5,0.65,0.1155,0.0315,50,0.127,0.545,24,0.3045,56,0.85,0.26
cloudberries raw alaska native,0.989176471,51,2.4,0.8,8.6,0,0,0,0,0,158,0,0,0.9,0.07,0.05,18,0,0.7,0,0,35,0,0
cockles raw alaska native,1.464,79,13.5,0.7,4.7,0,0,0,0,0,0,0,0,3.2,0.2,0.01,30,0,16.2,0,0,0,0,0
corn dried,2.04,419,14.48,10.64,66.27,21.32,20.5,13,1.11,0,0,0.44,0,8.25,0.181,0.261,25,0.293,2.61,149,0.9,344,56.5,3.06
corn white,1.1,386,9.72,5.18,75.2,6.47,16.6,0,0.289,0,0,0,0,3.31,0.067,0.08,14,0.231,2.29,123,0.926,312,0,3.15
cranberries wild,3.190466667,55,1.1,0.2,12.3,0,6.7,0,0,0,15,0,0,0.9,0.01,0,20,0,1,0,0,15,0,0
elk free range,1.175,121.5,24.9725,2.3875,0,0,0,0,0.80475,2.855,0,0.315,0.5,7.1025,0.3585,0.1695,4.25,0.16525,5.295,24.5,0.027,220.75,18.525,5.6425
fish salmon,2.84,116,20.69,3.67,0,0,0,32,0.189,8.08,0,0.49,18,8.79,0.217,0.156,7,0.137,0.56,26,0.03,230,39.7,0.54
fish halibut,3,114.5,21.33,2.825,0.905,0,0,47.5,0.328,2.165,0,1.475,7.5,6.0045,0.124,0.0745,26.5,0.0415,0.315,27.5,0.011,259.5,55.85,0.68
fish herring,2.88,489,44.5,34.6,0,0,0,0,0,0,0,0,0,2.2,0,0.01,0,0,0,0,0,684,0,0
fish herring eggs,3.2,193,35,4.265,3.635,0,0,0,0,0,0.3,0,0,2.95,0.145,0.075,24,0,1.35,0,0,404,0,0
fish herring eggs on giant kelp,2.84,63,11.3,0.8,2.6,0,0,0,0,0,0,0,0,2.7,0.13,0.1,161,0,3.4,0,0,0,0,0
fish pike,2.96,156,16.6,8,4.3,0,0,0,0,0,0,0,0,5,0.7,0.1,28,0,2.1,0,0,412,0,0
fish salmon,2.78,210.4615385,27.94846154,10.77538462,0.330769231,0,0,27,0.185307692,5.637692308,0,0.483846154,4.307692308,9.035769231,0.267923077,0.111153846,43.38461538,0.073,1.47,21.38461538,0.019,227.3846154,26.26153846,0.471538462
fish whitefish,2.68,163.4,25.12,6.084,1.998,0,0,26,0.1048,14.96,2.4,0.668,12.8,2.9712,0.3022,0.0902,181.8,0.0944,4.568,29.6,0.09,433,41.16,1.618
huckleberries raw alaska native,0.623756532,37,0.4,0.1,8.7,0,0,0,0,0,2.8,0,0,0.3,0.03,0.01,15,0,0.3,0,0,0,0,0
moose liver,0.49045,155,24.38,4.89,3.43,0,0,0,0.91,71,22.6,0,0,10.72,4.1,0.196,7,2.789,6.77,20,0.413,429,0,6.07
moose meat,1.96,103,22.3,1.5,0,0,0,0,0,0,4,0,0,5,0.24,0.07,5,0.067,3.28,23,0.008,165,0,2.8
mouse nuts roots alaska native,0.47,81,3.9,0.1,16.1,0,0,0,0,0,16,0,0,0.1,0.04,0.01,22,0,0,0,0,175,0,0
mutton cooked,1.31,234,33.43,11.09,0.08,0,0,0,0.377,4.44,0,0.8,0,6.52,0.3,0.06,10,0.062,4.76,31,0.033,272,38,5.93
oil spotted seal alaska native,1.37,894,0,99.32,0,0,0,1044,0,0,0,6.28,0,0,0,0,0,0,0,0,0,0,2.2,0
oil whale,1.126,900,0,100,0,0,0,0,0,0,0,0,0,0,0,0,0,0,0,0,0,0,0,0
rhubarb wild,1.33,61,4.2,0.5,9.9,0,0,0,0,0,33,0,0,0.1,0,0.1,0,0,0,0,0,87,0,0
smelt dried alaska native,0.612069375,386,56.19,17.9,0,0,0,139,0.176,19.1,0,4.51,0,5.97,0.262,0.073,1600,0.148,5.4,89,0.72,1400,194,6.7
soup fish,0.375669154,72,7.4,2.2,5.6,0,0,0,0.01,0,0.3,0,0,2.64,0.02,0.07,35,0,0.5,1,0.01,112,0,0
squash indian,6.6,21,0.415,0.175,4.43,2.78,0.75,0,0.0455,0,2.25,0,0,0.136,0.0175,0.015,4.5,0.0085,0.085,5,0.0135,6,0,0.035
squirrel ground,1.02,111,19.3,3.8,0,0,0,0,0,0,0,0,0,0,0,0,0,0,4.7,0,0,175,0,0
stew moose alaska native,4.3,55,6.6,0.5,6,0,0.5,0,0.03,0,1,0,0,1.5,0.08,0.06,12,0.02,1.52,6,0.09,16,0,0.12
stew mutton,1.32,103,8.62,4.34,7.27,0.61,1.7,0,0.108,1.16,0,0.37,0,2,0.11,0.03,38,0.063,1.21,21,0.087,111,8.4,1.87
stew pinto bean and hominy,1.49,32,1.42,0.54,5.38,0,1.5,0,0.036,0,0,0.04,0,0.097,0,0,7,0.036,0.37,11,0.059,25,2.2,0.18
stew soup caribou alaska native,0.62,41,3.8,0.7,4.8,0,0.1,0,0.06,0,1.5,0,0,0.27,0.01,0.02,7,0.03,0.2,5,0.08,12,0,0.1
tea herbal,0.109,2,0.12,0.2,0,0,0,0,0,0,0,0,0,0,0,0,5,0.007,0.03,0,0.004,0,0,0.05
tennis bread plain apache,1.45,258,9,1.05,53.26,3.01,2.6,0,0.059,0,0,0.07,252,3.41,0.291,0.69,67,0.03,3.4,28,0.48,160,15.5,0.53
tortilla blue corn,1.77,276,7.83,1.4,58.12,2.97,3.4,0,0.111,0,0,0.17,0,3.93,0.17,0.387,174,0.126,2.89,32,0.604,339,8.8,0.68
willow leaves in oil alaska native,2.741769912,592,2.6,61,8.1,0,0,0,0,0,0,0,0,0,0,0,0,0,1.3,0,0,58,0,0
willow young leaves,1.43,122,6.1,1.6,20.7,0,0,0,0,0,190,0,0,2.3,0,0,130,0,2.6,0,0,126,0,0
child formula mead johnson,4.8,285.5,9.915,13.24,31.685,30.7,0,666,0.587,1.735,22.8,5.9,75.5,5.872,0.528,0.444,264,0.444,5.275,58.5,0,198,0,2.64
infant formula mead johnson,3.43,257.2,5.593,13.619,28.433,28.438,0,231.5,0.1584,0.776,31.43,2.849,68.1,2.6171,0.366,0.2146,204.3,0.1956,4.637,20.5,7.7289,114.4,7.22,2.583
infant formula mead johnson,2.98,246.9565217,6.290217391,12.71934783,26.83434783,26.36108696,0,241.2826087,0.156695652,0.729347826,30.38478261,3.227826087,70.34782609,2.739608696,0.286891304,0.199130435,277.4565217,0.192369565,4.189130435,23.23913043,0.036130435,185.4347826,6.865217391,2.649782609
infant formula nestle,2.71,206.3571429,5.023571429,10.04928571,23.955,17.81857143,0,178.5,0.135214286,0.572857143,21.46428571,3.015,54.35714286,2.415642857,0.243071429,0.157214286,200.1428571,0.187071429,3.542142857,19,0,122.0714286,4.564285714,1.768571429
toddler formula mead johnson,1.685,282.5,7.39,15.265,31.59,30.09,0,257,0.1705,0.865,26.6,2.685,78.5,2.992,0.423,0.2775,366.5,0.2505,5.185,22.5,0,254.5,7.95,2.59
artificial blueberry muffin mix dry,1.15,407,4.7,8.7,77.45,0,0,0,0,0,0,0,0,0,0,0,0,0,0,0,0,0,0,0
bear naked double chocolate cookies,1.84,423,6.6,16.9,66.9,35.2,7,0,0,0,0,0,0,0.3,0.04,0.07,0,0,3.7,54,0,88,0,0.8
bear naked fruit and nut cookies,3.837506911,443,7.5,21.4,61.6,29.4,7.1,0,0.06,0,0,0.9,0,0.5,0.09,0.09,0,0,2.1,37,0,86,0,0.6
bagel wheat,2.3159,250,10.2,1.53,48.89,6.12,4.1,0,0.147,0,0,0.32,108,3.37,0.209,0.403,20,0.175,2.76,51,1.43,142,28.7,1.1
biscuits mixed grain,2.8975,263,6.1,5.6,47.4,0,0,0,0.065,0,0,0,133,3.4,0.21,0.39,17,0.115,2.75,30,0.659,236,0,0.6
biscuits plain or buttermilk,2.303482143,331.75,7.05625,11.2075,50.5925,6.0275,1.7625,3.75,0.0485,0.10875,0.1375,0.3675,118.25,3.449875,0.304875,0.426375,96.375,0.09775,2.66125,19,0.36725,428.75,13.7875,0.49875
bread multi grain,0.99412,288,14.52,4.6,47.11,6.94,8.1,0,0.286,0,0.1,0.4,70,4.394,0.142,0.243,111,0.307,2.72,85,2.201,247,35.8,1.85
bread multi grain includes whole grain,1.241734167,265,13.36,4.23,43.34,6.39,7.4,0,0.263,0,0.1,0.37,75,4.042,0.131,0.279,103,0.282,2.5,78,2.025,228,32.9,1.7
bread banana,2.713,326,4.3,10.5,54.6,0,1.1,106,0.15,0.1,1.7,0,48,1.446,0.2,0.172,21,0.072,1.4,14,0.209,58,12.1,0.35
bread boston brown,2.717,195,5.2,1.5,43.3,2.42,4.7,25,0.082,0.01,0,0.32,14,1.12,0.115,0.014,70,0.08,2.1,63,1.02,112,21.9,0.5
bread chapati or roti,0.885492222,298,9.55,8.325,46.245,2.825,7.3,0,0.275,0,0,0.715,22.5,5.695,0.19,0.5,64.5,0.2405,2.605,59,1.499,171,40.15,1.555
bread cheese,0.66633,408,10.42,20.83,44.83,2.08,2.1,24,0.048,0.24,0,1.49,159,3.279,0.303,0.433,90,0.086,2.49,17,0.366,120,19.8,0.96
bread cornbread,2.230607143,358,6.8225,10.27,59.24,9.0975,3.825,15,0.1135,0.14,0.15,0.1675,91.25,2.13425,0.19025,0.2385,124.5,0.0735,1.86,22.5,0.2425,384.5,6.1,0.6025
bread cracked wheat,1.970555556,260,8.7,3.9,49.5,0,5.5,0,0.304,0.02,0,0,76,3.671,0.24,0.358,43,0.222,2.81,52,1.371,153,25.3,1.24
bread egg,1.410825,301,10,6.3,50.2,1.86,2.4,66,0.064,0.105,0,0.275,129,4.8215,0.434,0.4115,97.5,0.17,3.19,20,0.5245,111.5,31.5,0.825
bread french or vienna,1.169911429,319,13,2.14,61.93,3.59,3.1,0,0.096,0,0.2,0.19,217,5.38,0.37,0.427,47,0.15,3.87,31,0.573,126,29.7,1.05
bread french or vienna includes sourdough,1.1465,272,10.75,2.42,51.88,4.62,2.2,0,0.107,0,0,0.21,170,4.817,0.427,0.71,52,0.152,3.91,32,0.577,105,28.6,1.04
bread irish soda,1.6,290,6.6,5,56,0,2.6,48,0.083,0.05,0.8,0,73,2.405,0.269,0.298,81,0.13,2.69,23,0.355,114,16,0.57
bread italian,1.355,271,8.8,3.5,50,0.83,2.7,0,0.048,0,0,0.29,304,4.381,0.292,0.473,78,0.191,2.94,27,0.464,103,27.2,0.86
bread naan indian bread,0.267,288.5,9.91,6.175,48.32,3.475,3.5,1,0.1115,0,0,1.055,8,4.71,0.345,0.478,71.5,0.1435,2.49,47.5,0.957,144,19.65,1.025
bread oat bran,1.35,247.5,10.9,4.6,41.75,8.08,4.7,2,0.0565,0,0,0.46,112,4.8045,0.3445,0.4735,68,0.1315,3.275,34.5,0.7695,128.5,31.5,0.97
bread oatmeal,1.62,280.5,8.8,4.6,50.6,8.49,4.15,5,0.0675,0.025,0.15,0.505,81,3.102,0.2375,0.373,69,0.218,2.82,39,0.981,131.5,25.65,1.065
bread pan dulce,0.4179028,367,9.42,11.58,56.38,12.5,2.3,5,0.057,0.11,1.2,0.29,155,3.463,0.23,0.377,86,0.121,2.87,24,0.46,94,26.2,0.84
bread paratha indian bread,0.41262018,326,6.36,13.2,45.35,4.15,9.6,2,0.08,0,0,1.35,10,1.83,0.076,0.11,25,0.146,1.61,37,1.054,120,7.1,0.82
bread pita,0.797533333,272,9.333333333,1.666666667,55.46666667,0.706666667,3.933333333,0,0.111,0,0,0.303333333,74.66666667,3.204666667,0.168,0.401666667,62.33333333,0.208666667,2.36,40.33333333,0.900666667,124.6666667,23.7,1.066666667
bread potato,0.854880238,266,12.5,3.13,47.07,9.38,6.3,24,0.232,0.15,0,0.47,149,1.25,0.106,0.188,188,0.094,2.25,28,0.253,369,9.5,1.44
bread pound cake type,1.48,390,7.06,17.45,51.29,18.1,1.7,0,0.05,0,0,1.42,0,4.7,0.18,0.07,46,0.03,2.2,19,0.26,300,13.5,0.62
bread protein,2.333,270,13.2,2.4,48.1,1.44,3.3,0,0.07,0,0,0.36,149,4.241,0.389,0.317,136,0.205,4.56,56,0.803,189,36.2,1.17
bread protein includes gluten,1.36,245,12.1,2.2,43.8,1.44,3,0,0.071,0,0,0.36,173,4.289,0.394,0.36,124,0.417,4.15,65,1.472,185,32.9,1.82
bread pumpernickel,1.020266667,262.5,9.1,3.25,49.85,0.555,6.8,0,0.125,0,0,0.44,131.5,3.074,0.303,0.307,71,0.301,3.01,57,1.3695,186.5,25.7,1.55
bread raisin,0.7441,281.6666667,8.133333333,4.533333333,53.83333333,3.953333333,4.433333333,0,0.068666667,0,0.2,0.196666667,112.6666667,2.784,0.320333333,0.27,68,0.203666667,2.626666667,26.66666667,0.515666667,112,13.9,0.74
bread reduced calorie,0.824,212.8333333,9.37,3.136666667,43.51166667,3.08,9.85,0,0.069,0.07,0.2,0.22,109.1666667,3.462166667,0.228166667,0.361166667,95.5,0.195166667,3.066666667,37,0.783333333,121.8333333,24.68333333,1.07
bread rice bran,3.294,253.5,9.3,4.8,45.4,4.875,5.1,0,0.238,0,0,0.68,121.5,6.736,0.2965,0.6105,72,0.183,3.765,78,1.553,176,29.95,1.345
bread roll,0.503,318,10.65,5.8,55.77,3.55,2.2,1,0.105,0.13,0.2,0,176,5.585,0.43,0.68,41,0.135,3.9,30,0.68,111,38.8,0.88
bread rye,27.7232718,271.5,8.95,3.45,50.7,4.04,6.1,0,0.0745,0,0.3,0.35,149.5,3.784,0.3335,0.408,76.5,0.195,2.965,41.5,0.8645,131.5,32.45,1.195
bread wheat,19.54409099,272.6666667,11.44666667,3.22,49.45333333,5.776666667,5.966666667,0,0.114666667,0,0.133333333,0.27,120.3333333,5.441666667,0.296666667,0.454666667,327.3333333,0.168666667,4.156666667,43.33333333,1.062666667,146.6666667,26.1,1.203333333
bread wheat bran,71.39276803,248,8.8,3.4,47.8,9.68,4,0,0.176,0,0,0.32,161,4.402,0.287,0.397,74,0.221,3.07,81,1.668,185,31,1.35
bread wheat germ,9.900066667,277,10.15,3.1,51.3,3.935,2.2,0,0.0875,0.07,0.25,0.54,161,4.523,0.377,0.3505,94.5,0.203,3.665,33,1.052,148,28.85,1.22
bread white,5.342395344,279.6666667,8.441666667,3.871666667,51.83666667,2.453333333,1.916666667,5.666666667,0.060833333,0.028333333,0.033333333,0.113333333,149.1666667,3.986666667,0.332166667,0.445166667,96.5,0.121666667,3.241666667,22.5,0.4395,101.5,20,0.658333333
bread whole wheat,5.7,285.25,11.58,4.7175,50.4175,4.5425,6.975,0,0.212,0,0,1.2225,65.25,4.524,0.22575,0.33475,90,0.357,2.9825,86,2.16675,226.75,39.85,1.7675
bread crumbs dry,8.475714286,389,13.74,5.39,70.235,5.97,4.7,5,0.146,0.35,1.35,0.17,173.5,6.3975,0.409,0.964,182.5,0.2495,4.875,44.5,0.9515,171,24.95,1.44
bread sticks plain,3.4,412,12,9.5,68.4,1.26,3,0,0.073,0,0,1.01,255,5.281,0.553,0.589,22,0.188,4.28,32,0.557,121,37.5,0.88
bread stuffing bread,10.24,281.5,7.1,6,48.95,5.19,3.05,59,0.096,0.015,0,0.89,139.5,3.6205,0.2555,0.366,64.5,0.155,2.45,26,0.3815,91.5,48.9,0.605
bread stuffing cornbread,7.55,284,6.45,6.5,49.3,4.345,8.6,43,0.092,0.01,2.15,0.425,214,3.06,0.22,0.313,52,0.1485,2.095,28.5,0.3215,73.5,30.15,0.49
breakfast tart low fat,11.8655,372,3.99,5.99,76.8,4.87,1.5,285,0.38,0,3.8,0.53,133,3.8,0.549,0.285,44,0.073,3.42,44,0,93,12.9,0.28
cake angelfood,9.288191958,257.5,6,0.55,58.25,15.255,0.85,0,0.0185,0.045,0,0.005,43,0.527,0.3465,0.097,112,0.073,0.375,10,0.074,278,11.3,0.1
cake boston cream pie,8.647,252,2.4,8.5,42.9,36.11,1.4,24,0.026,0.16,0.2,0.15,18,0.191,0.27,0.408,23,0.042,0.38,6,0.05,49,4.1,0.16
cake carrot,8.2,415,5.1,9.8,79.2,0,0,97,0.079,0.04,1.2,0,104,2.205,0.17,0.265,172,0.05,1.8,8,0.528,247,14.9,0.2
cake cherry fudge with chocolate frosting,8.18,264,2.4,12.5,38,32.94,1.2,77,0.06,0.21,13.6,0.75,13,0.7,0.19,0.03,48,0.057,1.1,19,0.067,105,3.4,0.28
cake chocolate,14.27333333,383.6666667,4.46,14.43,62.13333333,26.49666667,2.033333333,0.666666667,0.024,0.22,0.133333333,1.66,49,1.442333333,0.146666667,0.117,74.33333333,0.231666667,2.523333333,34.66666667,0.274,176.3333333,7.666666667,0.683333333
cake fruitcake,14.07556667,324,2.9,9.1,61.6,27.42,3.7,7,0.046,0.01,0.5,0.9,32,0.791,0.099,0.05,33,0.05,2.07,16,0.22,52,2,0.27
cake gingerbread,18.85333333,396.5,4.15,15.1,61.9,23.31,0.85,7,0.1155,0.03,0.15,0.1,64,2.144,0.201,0.265,82.5,0.2205,3.79,45.5,0.6195,140,9.2,0.375
cake marble,3.228266612,416,3.4,11.7,79.5,35.71,2.9,1,0.025,0,0,0.85,55,1.546,0.13,0.181,76,0.135,1.62,18,0.139,275,2.6,0.35
cake pineapple upside down,1.7425,319,3.5,12.1,50.5,0,0.8,62,0.034,0.08,1.2,0,39,1.19,0.156,0.153,120,0.087,1.48,13,0.35,82,9.4,0.31
cake pound,27.20904498,366.4,5.484,14.532,53.716,19.294,0.94,33.8,0.0248,0.128,0.04,0.132,37.2,0.9224,0.217,0.109,54,0.0528,1.454,11.4,0.1232,134.6,6.82,0.422
cake shortcake,18.00556969,346,6.1,14.2,48.5,0,0,18,0.03,0.07,0.2,0,83,2.573,0.272,0.311,205,0.076,2.54,16,0.33,143,17,0.48
cake snack cakes,3.751428571,396.75,3.63,12.9025,66.55,34.5475,8.5,3,0.13,0.1675,0.5,0.9975,71,2.22325,0.22775,0.19875,128,0.24075,2.5775,55,0.1975,180,15.65,1.0925
cake sponge,1.432598057,293.5,6.35,3.5,59.35,18.33,0.25,60.5,0.0555,0.305,0,0.12,62,1.568,0.285,0.201,56,0.059,2.15,10,0.1885,118.5,13.8,0.55
cake white,1.437,391.2,4.12,10.02,72.38,28.366,0.64,5.4,0.0208,0.044,0.06,0.064,73.2,1.6772,0.17,0.1926,80,0.059,1.31,10.4,0.266,202.6,5.78,0.29
cake yellow,5.786150705,394.8571429,4.035714286,11.52285714,69.81142857,24.07285714,0.971428571,11.85714286,0.039285714,0.095714286,0.057142857,1.054285714,76.71428571,1.362428571,0.153571429,0.159714286,122.2857143,0.073428571,1.454285714,11,0.199571429,227.8571429,4.8,0.322857143
cake mix angelfood,4.025,366,6.4,0.27,86.13,61.33,0.5,0,0.009,0.05,0,0,60,0.267,0.267,0,153,0.094,0.27,11,0.142,337,12.6,0.16
cake mix pudding,4.025,350,4.17,3.24,81.25,42.13,2.1,1,0.035,0,0,0.08,80,2.315,0.231,0.231,189,0.156,3.01,22,0.105,294,3.1,0.42
cheesecake prepared from mix no bake type,7.9325,274,5.5,12.7,35.5,0,1.9,96,0.052,0.31,0.5,0,38,0.493,0.263,0.121,172,0.029,0.47,19,0.12,234,4.7,0.46
cinnamon buns frosted includes honey buns,17.94,452,4.45,26.61,48.6,25.7,1.2,0,0.038,0.16,0.3,1.15,109,2.404,0.138,0.211,183,0.062,1.37,14,0.292,131,13,0.53
coffeecake cheese,3.49622331,339,7,15.2,44.3,0,1,86,0.058,0.34,0.1,0,53,0.682,0.125,0.105,59,0.052,0.64,15,0.172,101,13.3,0.59
coffeecake cinnamon with crumb topping,4.239098846,397.5,5.975,17.05,55.975,18.0125,1.75,27,0.037,0.125,0.25,0.08,80.5,1.6455,0.15725,0.2005,98,0.15475,1.505,20.25,0.4055,171.75,12.5,0.6025
coffeecake creme filled with chocolate frosting,4.1,331,5,10.8,53.8,0,2,37,0.041,0.2,0.1,0,58,0.84,0.074,0.08,38,0.07,0.51,15,0.19,75,14.4,0.44
coffeecake fruit,5.106728977,311,5.2,10.2,51.5,0,2.5,7,0.037,0.02,0.8,0,67,2.573,0.19,0.037,45,0.03,2.43,17,0.24,118,16.5,0.65
cookie butter or sugar,3.24822457,503,4.1,23.5,68.83,33.8,1.9,0,0.026,0.03,0,1.81,94,2.1,0.19,0.34,19,0.365,2.44,13,0,74,9,0.2
cookie chocolate,2.07,507,4.5,24.2,67.87,32,2.3,0,0.023,0.02,0,2.79,92,2.5,0.19,0.29,15,0.267,3,25,0,75,11.8,0.3
cookie vanilla with caramel,2.075,489,3.5,25.8,64.1,35.8,4.4,6,0.05,0.04,0.2,2.42,42,1.2,0.12,0.14,40,0.38,3.2,30,0.227,76,9.4,0.5
cookies animal,4.305,509,3,24.1,70.09,41.1,0.9,0,0.014,0,0,0.93,94,1.7,0.15,0.28,6,0.052,1.57,7,0,5,11.3,0.24
cookies animal crackers includes arrowroot,0.73,446,6.9,13.8,74.1,23.3,1.1,0,0.022,0.05,0,0.12,165,3.47,0.326,0.35,43,0.157,2.75,18,0.423,114,7,0.64
cookies brownies,2.812144286,415.2,4.134,16.496,66.536,15.068,3.48,39.4,0.0446,0.05,0.12,0.148,62,1.4532,0.1836,0.1756,23.4,0.2184,1.918,31.8,0.2534,86.2,7.06,0.586
cookies butter,3.16,467,6.1,18.8,68.9,10.12,0.8,162.5,0.036,0.36,0,0.29,65.5,1.755,0.203,0.218,29,0.2,1.255,12,0.17,102,4.2,0.38
cookies chocolate chip,2.095343049,473.4,4.888,22.763,65.072,18.069,1.69,30.5,0.0433,0.035,0.05,0.609,66.7,1.869,0.1955,0.2044,27.1,0.2633,2.888,35.1,0.4786,87.5,5.09,0.649
cookies chocolate sandwich,0.494625,467.8,4.116,21.08,69.954,39.432,3.56,0.8,0.024,0.022,0,1.852,80.4,2.4238,0.2116,0.2442,34,0.2788,6.194,34.6,0.3944,103.6,6.68,0.634
cookies chocolate wafers,0.6,433,6.6,14.2,72.7,37.43,3.4,3,0.051,0.09,0,0.72,75,2.858,0.266,0.203,31,0.463,4.01,53,0.696,132,5.7,1.09
cookies coconut macaroon,0.658,460,3.02,22.55,61.22,45.16,5.1,0,0.096,0,0,0.19,3,0.22,0.06,0.02,5,0.269,0.82,29,0,68,6.8,0.73
cookies fig bars,2.43,348,3.7,7.3,70.9,46.36,4.6,9,0.075,0.09,0.3,0.65,53,1.874,0.217,0.158,64,0.147,2.9,27,0.343,62,3.3,0.39
cookies fortune,7.35,378,4.2,2.7,84,45.42,1.6,1,0.013,0.01,0,0.03,105,1.84,0.13,0.182,12,0.06,1.44,7,0.19,35,2.9,0.17
cookies fudge,2.943543814,349,5,3.7,78.3,0,2.8,0,0.031,0.08,0.1,0,67,1.203,0.194,0.226,34,0.291,2.48,32,0.322,83,3.6,0.55
cookies gingersnaps,0.9975,416,5.6,9.8,76.9,19.92,2.2,0,0.098,0,0,0.97,145,3.235,0.293,0.2,77,0.305,6.4,49,1.555,83,5.1,0.55
cookies graham crackers,0.81292,438.6666667,5.466666667,14.03666667,74.13333333,28.33666667,3.766666667,0.666666667,0.126,0.033333333,0.033333333,1.12,112.3333333,3.319,0.234333333,0.329333333,184,0.187,2.956666667,37.33333333,0.494333333,145,17.03333333,0.773333333
cookies ladyfingers,1.78,364,10.6,9.1,59.7,12.695,1,85,0.122,0.75,1.85,0.315,90.5,2.104,0.428,0.284,47,0.095,3.58,12,0.24,173,10.55,1.14
cookies marshmallow,2.43,421,4,16.9,67.7,44.8,2,1,0.062,0.17,0.1,0.14,37,0.784,0.208,0.093,46,0.262,2.53,36,0.285,97,4.4,0.65
cookies molasses,0.730922078,430,5.6,12.8,73.8,17.6,1,0,0.104,0,0,0.11,146,3.031,0.264,0.355,74,0.373,6.43,52,1.257,95,5.6,0.45
cookies oatmeal,1.165384615,443.375,6.0375,18,66.4,7.03875,1.7125,40.375,0.0545,0.0325,0.2375,0.2225,60.375,1.86075,0.180625,0.251,59.625,0.202,2.69125,34.125,0.862,147.5,10.9125,0.7075
cookies oatmeal sandwich,0.837,398,2.61,18.29,55.62,31.36,2.6,1,0.046,0.01,0,2.21,56,1.146,0.111,0.236,0,0.137,1.88,35,0.824,94,6.8,0.67
cookies peanut butter,1.4105,481.5,8.476666667,25.925,55.77833333,4.763333333,1.583333333,29,0.091833333,0.038333333,0.016666667,1.173333333,90.66666667,3.8855,0.195833333,0.2295,50.66666667,0.155333333,1.88,40.33333333,0.405,166,8.7,0.785
cookies peanut butter sandwich,0.416333333,506.5,9.4,27.55,58.2,17.72,0.95,0.5,0.1085,0.12,0.05,0.935,81,4.499,0.2055,0.3355,48,0.252,2.575,50,0.8085,171,5.6,1.045
cookies raisin,0.22,401,4.1,13.6,68,47.56,1.2,2,0.052,0.03,0.4,2.22,48,1.967,0.206,0.216,46,0.413,2.29,21,0.305,83,2.8,0.32
cookies shortbread,0.22,528,5.135,29.36,61.04,10.825,1.55,0.5,0.0455,0.005,0,1.22,113,2.878,0.267,0.323,21.5,0.121,2.705,16,0.505,75.5,4.7,0.535
cookies sugar,0.395142857,464,4.9875,21.3825,63.54,28.16,1.05,67,0.035,0.0925,0.05,1.51,77,2.55225,0.18425,0.22825,51.5,0.05875,2.065,10,0.305,136.25,8.1,0.34
cookies vanilla wafers,0.354612903,457,4.65,17.3,72.35,18.75,1.95,4,0.0485,0.085,0,0.115,82,3.041,0.2645,0.318,36.5,0.112,2.295,13,0.323,84,11.3,0.345
crackers cheese,0.312895814,468,10.33,20.87833333,59.76666667,4.02,3.283333333,11.16666667,0.205833333,0.328333333,0.433333333,1.635,190,5.398833333,0.468666667,0.594666667,103.5,0.204666667,3.793333333,39.16666667,0.5045,233.3333333,17.8,1.111666667
crackers cream,0.359142857,474,7.1,19.935,64.715,9.89,2.4,0,0.0325,0.63,0,0.795,126.5,2.54,0.12,0.149,380,0.112,7.01,26.5,0.8115,99,4.75,2.385
crackers matzo,0.5435,382,11.35,2.225,79.575,0.0725,5.65,5,0.10975,0.1025,0.075,0.015,84.5,4.81825,0.40425,0.5245,28,0.16125,3.72,53.25,1.3925,157.75,44.05,1.1875
crackers melba toast,0.381422222,385.75,12.175,3.025,76.725,0.235,7,0,0.09625,0,0,0.1075,180.75,4.50675,0.28225,0.43025,76.75,0.311,3.895,53.25,1.0155,185,32.125,1.72
crackers milk,1.1035,455,7.6,15.8,69.7,16.44,1.9,16,0.037,0.08,0.2,1.22,142,4.43,0.418,0.538,172,0.227,3.58,22,0.552,303,15.9,0.67
crackers multigrain,0.487428571,482,7.1,20.4,67.6,12,3.5,0,0.117,0,0,1.75,143,3.4,0.28,0.52,14,0.151,2.59,29,0,292,26.1,0.98
crackers rusk toast,0.307333333,407,13.5,7.2,72.3,0,0,12,0.047,0.18,0,0,103,4.625,0.399,0.404,27,0.245,2.72,36,0.439,153,20.1,1.1
crackers rye,0.279,398.6666667,9.266666667,10.8,71.66666667,0.336666667,15.8,8,0.179,0.04,0.2,0.266666667,74.66666667,2.541666667,0.335333333,0.451666667,102,0.350666667,3.81,88,2.790666667,326.6666667,25.7,2.016666667
crackers saltines,0.653733333,411.5,9.085,8.24,74.0975,0.65,2.15,0,0.099,0.0225,0,0.6075,182.75,5.15625,0.402,0.53975,65,0.1915,5.8475,37,0.916,131.25,13.4,0.9975
crackers saltines includes oyster,0.325333333,418,9.46,8.64,74.05,1.29,2.8,1,0.086,0.09,0,1.15,216,6.442,0.487,0.702,19,0.139,5.57,23,0.686,102,10.3,0.69
crackers snack,0.559865,433,14.25,13.35,64.35,2.35,3.8,0,0,0,0,0,0,0,0,0,16,0.155,5.66,39,0.625,145,0,1.17
crackers standard snack type,0.426583333,489.2,8.42,23.042,62.15,6.816,2.6,3.6,0.0986,0.022,0.02,2.048,114.8,4.5466,0.3992,0.4158,149,0.184,3.288,36.6,0.6074,302.4,10.86,0.806
crackers wheat,0.286104167,472.8,9.708,20.414,63.83,8.706,4.46,4.2,0.1856,0.052,0.3,0.646,99.6,4.6336,0.2926,0.4322,119,0.206,3.47,54.6,1.4482,301.8,20.02,1.334
crackers whole wheat,0.338023367,428.6666667,10.24,12.97333333,71.22333333,0.926666667,10.56666667,0,0.188333333,0,0,1.116666667,28.66666667,4.791333333,0.047666667,0.189333333,41.66666667,0.437,3.326666667,109.6666667,2.228,330,12.96666667,2.59
cream puff eclair,0.270666667,334,4.41,18.52,37.43,22.05,0.9,23,0.041,0.17,0,0.95,100,1.908,0.241,0.263,35,0.06,0.95,10,0.224,71,15.5,0.45
cream puff shell prepared from recipe,0.448666667,362,9,25.9,22.8,0.43,0.8,278,0.075,0.39,0,2.81,75,1.567,0.36,0.206,36,0.051,2.02,12,0.211,119,24,0.73
croissants apple,0.52,254,7.4,8.7,37.1,0,2.5,94,0.032,0.2,0.5,0,88,1.6,0.164,0.232,30,0.04,1.1,13,0.21,58,19,1.03
croissants butter,0.586405556,406,8.2,21,45.8,11.26,2.6,206,0.058,0.16,0.2,0.84,130,2.188,0.241,0.388,37,0.08,2.03,16,0.33,105,22.7,0.75
croissants cheese,0.421,414,9.2,20.9,47,11.35,2.6,204,0.073,0.32,0.2,1.44,103,2.16,0.325,0.523,53,0.1,2.15,24,0.34,130,26.8,0.94
croutons plain,0.638995,407,11.9,6.6,73.5,0,5.1,0,0.026,0,0,0,209,5.439,0.272,0.623,76,0.163,4.08,31,0.5,115,37.5,0.89
croutons seasoned,0.9,465,10.8,18.3,63.5,4.41,5,7,0.083,0.14,0,0.4,151,4.646,0.421,0.506,96,0.168,2.82,42,0.514,140,28.8,0.94
danish pastry cheese,0.6385,374,8,21.9,37.2,6.95,1,35,0.04,0.2,0.1,0.35,85,2,0.26,0.19,35,0.089,1.8,15,0.351,108,18.9,0.7
danish pastry cinnamon,0.632,403,7,22.4,44.6,9.89,1.25,5,0.038,0.1,0.15,0.195,62.5,1.9835,0.1815,0.24,71,0.1,1.37,19,0.362,107,8.5,0.72
danish pastry fruit,0.675212119,371,5.4,18.5,47.8,13.765,1.9,18.5,0.0415,0.11,3.9,0.17,42,1.3805,0.156,0.164,46,0.065,1.26,15,0.253,89,7.4,0.54
danish pastry lemon,0.532970588,371,5.4,18.5,47.8,0,1.9,53,0.04,0.09,3.9,0,16,0.769,0.092,0.065,46,0.065,0.75,15,0.253,89,0,0.54
danish pastry nut includes almond,0.793285714,430,7.1,25.2,45.7,25.87,2,9,0.104,0.21,1.7,0.82,122,2.3,0.24,0.22,94,0.195,1.8,32,0.845,110,14.2,0.87
danish pastry raspberry,0.855,371,5.4,18.5,47.8,0,1.9,60,0.04,0.09,3.9,0,16,0.769,0.092,0.065,46,0.065,0.75,15,0.253,89,0,0.54
doughnuts cake type,0.7006,432.25,4.985,23.245,51.6475,19.18,1.825,5.75,0.032,0.125,0.375,1.055,92.25,1.6205,0.1735,0.20775,84.25,0.1605,2.465,24.5,0.41925,187.25,7.65,0.6225
english muffins mixed grain,0.964033333,255,9.9,1.9,50.3,0.88,3,0,0.103,0,0,0,95,3.505,0.307,0.374,213,0.254,3.29,48,0.823,162,27.7,1.05
english muffins mixed grain includes granola,0.41,235,9.1,1.8,46.3,0.81,2.8,0,0.038,0,0,0,112,3.583,0.313,0.43,196,0.243,3.02,41,0.604,81,25.5,1.39
english muffins plain,0.88,240.4,8.458,1.822,46.964,1.4,2.88,0,0.05,0.042,0.72,0.134,97.2,3.2152,0.2238,0.3644,127.6,0.1364,2.586,23,0.4412,119.6,9.74,0.91
english muffins raisin cinnamon,0.671229546,276,8.87,2.21,55.04,13.34,3,0,0.062,0,1.4,0.36,131,4.285,0.245,0.518,139,0.175,4.9,28,0.72,108,24.3,1
english muffins raisin cinnamon includes apple cinnamon,0.674285714,240,7.91,1.8,48.1,14.76,2.6,0,0.066,0,1.3,0.31,112,3.67,0.215,0.412,114,0.16,4.5,23,0.575,91,21.6,0.97
english muffins wheat,0.673333333,233,9.05,2.05,46.75,1.63,4.8,0,0.0925,0,0,0.47,80,3.3195,0.289,0.403,185.5,0.1555,2.995,39.5,1.0605,116,30.5,1.145
english muffins whole wheat,0.732427113,212,9.2,2.2,42.25,8.44,7,0,0.161,0,0,0.425,47,3.373,0.1385,0.2805,276.5,0.2185,2.555,74,1.868,294.5,42.05,1.67
focaccia italian flatbread,1.03,249,8.77,7.89,35.82,1.75,1.8,0,0.113,0,0,1.42,175,3.67,0.301,0.47,35,0.091,3.16,20,0.364,128,15.9,1.33
french toast frozen,0.58075,213,7.4,6.1,32.1,0,1.1,54,0.496,1.68,0.3,0,72,2.722,0.381,0.277,107,0.084,2.21,17,0.245,139,16.7,0.77
french toast prepared from recipe,0.604106,229,7.7,10.8,25,0,0,124,0.074,0.31,0.3,0,57,1.628,0.321,0.204,100,0.058,1.67,17,0.188,117,20.1,0.67
girl scouts caramel dulce de leche cookies,0.30525,520,5.1,27.1,64.8,29.6,1.3,0,0.02,0,0,0,0,2.8,0.25,0.37,0,0,2.3,11,0,58,0,0.4
girl scouts do si dos cookies,1.775150017,478,8.1,21.4,66,31.1,3.7,0,0,0,0,0,0,10.2,0.15,0.26,0,0,3.4,0,0,31,0,0
girl scouts thank u berry munch cookies,1.902,491,4.6,21.6,70,28.9,1.8,0,0,0,0,0,0,2.6,0.21,0.31,0,0,2.3,2,0,42,0,0
girl scouts thin mints cookies,1.556281515,502,4.5,24.2,67.3,32,2.3,0,0,0,0,0,0,2.5,0.19,0.29,0,0,3,25,0,75,0,0.3
garlic bread frozen,0.636666667,350,8.36,16.61,41.72,3.69,2.5,13,0.083,0.08,0.2,1.18,221,4.142,0.184,0.462,27,0.108,3.05,23,0.441,87,16.6,0.87
hush puppies prepared from recipe,1.0674,337,7.7,13.5,46,2.03,2.8,41,0.102,0.19,0.2,1.26,137,2.782,0.332,0.352,278,0.066,3.04,24,0.22,189,15.8,0.66
ice cream cones cake or wafer type,0.47,417,8.1,6.9,79,6,3,0,0.03,0,0,0.78,291,4.427,0.354,0.25,25,0.204,3.6,26,0.572,97,4.8,0.67
ice cream cones sugar,0.8,402,7.9,3.8,84.1,25.66,1.7,0,0.052,0,0,0.07,236,5.066,0.405,0.511,44,0.268,4.43,31,0.732,103,4.8,0.75
kraft stove top stuffing mix chicken flavor,0.885333333,381,12.6,4.1,73.1,10.1,2.5,0,0,0,3.3,0,0,3.84,0.29,0.39,63,0,4.32,0,0,129,0,0
leavening agents baking powder,1.6025,67,0.066666667,0.133333333,32.9,0,0.866666667,0,0,0,0,0,0,0,0,0,5857.333333,0.014,10.15333333,31.66666667,0.148333333,6326,0.2,0.25
leavening agents baking soda,1.748666667,0,0,0,0,0,0,0,0,0,0,0,0,0,0,0,0,0,0,0,0,0,0.2,0
leavening agents cream of tartar,2.535572141,258,0,0,61.5,0,0.2,0,0,0,0,0,0,0,0,0,8,0.195,3.72,2,0.205,5,0.2,0.42
leavening agents yeast,1.1595,215,24.42,4.755,29.66,0,17.5,0,0.965,0.04,0.2,0,1562.5,26.25,2.565,6.435,24.5,0.292,2.71,47,0.256,486.5,8,8.955
mission foods mission flour tortillas,0.8,287,8.7,6,49.6,0,0,0,0,0,0,0,0,0,0,0,191,0,1.99,0,0,0,0,0
muffin blueberry,0.88,255,4.23,4.22,50.05,27.05,4.2,10,0.042,0.16,0.9,0.39,73,1.375,0.175,0.163,35,0.08,2,10,0.785,125,9.8,1.27
muffins blueberry,0.24620978,319.8,4.794,9.944,52.94,16.4,1.24,51,0.044,0.066,0.94,0.704,68.6,1.888,0.2504,0.2232,55.6,0.0804,1.248,13.2,0.375,152.4,12.94,0.422
muffins corn,0.29,322,6.425,10.55,50.55,4.445,1.85,27.75,0.08275,0.11,0.1,0.2,93.75,2.2075,0.3205,0.28375,106.75,0.12325,2.2075,22.5,0.2605,249,14.75,0.545
muffins oat bran,0.35,270,7,7.4,48.3,8.22,4.6,0,0.161,0.01,0,0.66,139,0.42,0.095,0.262,63,0.33,4.2,157,2.63,376,11,1.84
muffins plain,2.587644531,296,6.9,11.4,41.4,0,2.7,40,0.042,0.15,0.3,0,78,2.308,0.301,0.284,200,0.069,2.39,17,0.296,153,18,0.56
muffins wheat bran,2.694285714,354.5,6.3,10.7,64.25,11.535,4.1,28,0.169,0.01,0,0.49,87,3.6585,0.2835,0.282,37.5,0.16,3.215,54,1.5495,382,19.15,0.97
nabisco nabisco grahams crackers,4.6,424,6.99,10,76.2,23,3.4,0,0.1,0,0,0,0,3.78,0.24,0.228,79,0.03,4.13,59,0,202,0,1.94
nabisco nabisco oreo crunchies,2.885058419,476,4.78,21.5,70.23,36,3.2,0,0.032,0.02,0,0,0,1.845,0.165,0.122,24,0.27,4.9,48,0,103,0,1.23
nabisco nabisco ritz crackers,0.32,492,7.23,23.21,63.51,8.14,2.3,0,0.06,0,0,3.49,111,4.88,0.265,0.442,154,0.124,4.47,19,0.54,273,4.6,0.61
pancakes blueberry,2.9,222,6.1,9.2,29,0,0,50,0.049,0.2,2.2,0,53,1.524,0.272,0.195,206,0.055,1.72,16,0.237,151,14,0.54
pancakes buckwheat,1.175,340,10.9,2.7,71.3,7.21,8.5,0,0.438,0,0,0.48,66,4.095,0.249,0.542,476,0.415,4.73,190,1.656,913,13.1,2.55
pancakes buttermilk,0.941238095,227,6.8,9.3,28.7,0,0,30,0.045,0.18,0.4,0,56,1.577,0.292,0.204,157,0.052,1.7,15,0.203,139,15.1,0.62
pancakes plain,1.7714,267.1428571,7.251428571,4.475714286,48.82857143,4.838571429,2.142857143,51.14285714,0.130428571,0.168571429,0.157142857,0.145714286,93.57142857,2.691142857,0.289285714,0.341857143,196.4285714,0.079857143,2.094285714,21.28571429,0.261857143,367.5714286,14.58571429,0.602857143
pancakes special dietary,0.96671954,349,8.9,1.4,73.9,0,0,6,0.037,0,0,0,172,3.27,0.209,0.37,99,0.137,3.05,47,0.578,596,25.1,1.19
pancakes whole wheat,0.398135926,276,10.65,4,50.2,0,1.4,33,0.1685,0.145,0.25,0,68.5,4.538,0.806,0.383,349.5,0.32,5.475,75,1.891,577.5,28.7,1.5
pancakes plain frozen,0.482666667,233,5.23,6.83,37.75,8.32,1,453,0.52,2.8,0.3,0.62,110,6.357,0.38,0.7,78,0.072,5.67,14,0.285,215,10.8,0.4
pie dutch apple,0.245,290,2.17,11.5,44.54,22.02,1.6,18,0.039,0,5.7,0.96,32,1.094,0.067,0.193,14,0.148,0.91,8,0.233,29,2.2,0.19
pie apple,0.228875,246.3333333,2.066666667,11.5,35.03333333,5.216666667,1.066666667,24,0.036,0.006666667,2.7,0.506666667,28.33333333,0.872,0.097333333,0.103333333,9.666666667,0.048333333,0.926666667,7,0.183,25.33333333,2.933333333,0.17
pie banana cream,0.674,260,3.9,13.25,32.25,6.03,0.65,78,0.084,0.23,1.05,0.2,34.5,0.8815,0.1765,0.1205,74,0.0475,0.75,14,0.1295,129.5,7,0.405
pie blueberry,0.239483333,238.5,2.25,10.95,34.2,4.945,0.5,23,0.0355,0.005,1.7,0.52,39.5,0.747,0.081,0.0815,7.5,0.0565,0.765,6.5,0.238,26.5,4.4,0.18
pie cherry,0.15379,265,2.4,11.6,39.15,7.145,0.4,40.5,0.0375,0.005,0.95,0.38,40.5,0.738,0.077,0.0855,11,0.0585,1.165,8.5,0.17,29.5,4.5,0.19
pie chocolate creme,0.29,353,4.15,22.41,38.44,27.39,0.8,46,0.02,0.12,0,1.09,28,0.605,0.14,0.087,66,0.118,1.49,19,0.161,79,6,0.44
pie chocolate mousse,0.35,260,3.5,15.4,29.6,0,0,124,0.029,0.21,0.5,0,42,0.595,0.147,0.051,77,0.203,1.08,32,0.125,231,6.1,0.6
pie coconut cream,0.33,276,2.8,17.6,28.5,0,0.5,95,0.045,0.21,0.6,0,23,0.132,0.104,0.028,72,0.08,0.4,17,0.19,169,5,0.38
pie coconut creme,0.669368421,298,2.1,16.6,37.3,18.52,1.3,27,0.068,0.12,0,0.15,8,0.2,0.08,0.05,29,0.068,0.8,20,0.438,85,5.3,0.47
pie coconut custard,0.3188,260,5.9,13.2,30.2,0,1.8,26,0.011,0.09,0.6,0,19,0.403,0.148,0.088,81,0.063,0.8,18,0.21,122,6.4,0.68
pie egg custard,0.32,210,5.5,11.6,20.8,11.58,1.6,57,0.048,0.43,0.6,0.94,20,0.292,0.208,0.039,80,0.024,0.58,11,0.06,112,7.1,0.52
pie fried pies,0.315354178,316,3,16.1,42.6,7.133333333,2.6,5.333333333,0.03,0.08,0.866666667,0.573333333,29,1.425,0.106,0.141,22,0.047,1.22,10,0.224,43,2.4,0.23
pie lemon meringue,0.454584,276.5,2.65,10.8,43.15,11.93,0.6,47,0.0285,0.145,3.25,0.53,35.5,0.7965,0.184,0.09,34,0.0215,0.805,10.5,0.094,73.5,7.3,0.385
pie mince,0.48,289,2.6,10.8,48,28.31,2.6,1,0.065,0,5.9,0.15,36,1.189,0.105,0.15,22,0.113,1.49,14,0.263,42,6.6,0.22
pie peach,0.57904,224,1.9,10,32.9,16.23,0.8,10,0.023,0,0.9,0.94,46,0.2,0.033,0.061,8,0.053,0.5,6,0.152,22,1.3,0.09
pie pecan,0.38467623,409.5,4.7,19.445,55.905,12.59,1.05,66.5,0.049,0.145,0.1,0.4,38.5,1.0785,0.129,0.196,27,0.1975,1.205,24,0.711,88.5,9.5,0.945
pie pumpkin,0.484513725,223.5,4.2,9.525,30.615,9.44,0.9,437,0.055,0.22,0.85,0.38,32.5,0.9445,0.1625,0.1345,79,0.107,1.085,16.5,0.2125,89.5,6.25,0.425
pie vanilla cream,0.6926075,278,4.8,14.4,32.6,12.68,0.6,83,0.049,0.3,0.5,0.45,37,0.984,0.216,0.139,90,0.039,1.02,13,0.128,104,9.5,0.53
pie crust cookie type,0.651639344,492.5,5.59,23.625,64.39,22.22,2.3,0,0.0595,0,0,1.82,102.5,3.1465,0.239,0.26,30.5,0.4965,3.45,31.5,1.56,118.5,2.55,1.675
pie crust cookie type,0.814416667,507.5,3.9,30.3,57.05,22.45,0.8,230,0.0435,0.055,0.05,2.67,66,2.102,0.2005,0.1455,31,0.095,1.875,14,0.3155,71,6.8,0.35
pie crust deep dish,1.804666667,494.5,5.81,30.29,49.63,0,1.85,0,0.0435,0,0,1.315,127.5,2.6835,0.1365,0.245,21.5,0.084,2.365,16,0.5045,72.5,4.75,0.49
pie crust refrigerated,8.93,475.5,3.19,27.075,54.815,0,1.6,0,0.02,0,0,0.05,42,1.215,0.0445,0.1035,11,0.048,1.085,8.5,0.195,48.5,4.25,0.21
pie crust standard type,3.289318182,491,6.037142857,30.15142857,48.75142857,1.321428571,1.942857143,0,0.047571429,0.004285714,0,0.227142857,101.2857143,2.578571429,0.179571429,0.294142857,28.28571429,0.080142857,2.23,14.85714286,0.346,72,13.91428571,0.411428571
popovers dry mix,7.560333333,371,10.4,4.3,71,0,0,0,0.042,0.08,0.1,0,127,2.2095,0.0865,0.2655,32,0.1725,1.895,25,0.741,100,18.8,0.88
puff pastry frozen,4.012083333,554.5,7.35,38.3,45.4,0.745,1.5,0,0.02,0,0,0.545,105.5,3.984,0.2705,0.3605,10,0.1145,2.58,16,0.4915,60,24.35,0.535
sunshine cheez it,8.0086,486.7619048,9.733333333,22.19285714,62.85952381,1.188095238,2.571428571,64.66666667,0.018095238,0,0,0,0,4.39047619,0.33,0.53952381,54.23809524,0,4.080952381,15.38095238,0,69.23809524,0,0.34047619
sunshine krispy,3.246666667,416,8.6,9.3,76.1,2.4,2.6,0,0,0,0,0,0,6,0.45,0.71,0,0,4.9,19,0,81,0,0
strudel apple,10.11637778,274,3.3,11.2,41.1,25.75,2.2,6,0.046,0.22,1.7,1.42,44,0.33,0.025,0.04,15,0.03,0.42,9,0.19,33,6.1,0.19
toaster pastries fruit,2.210666667,385,4.01,9.02,71.83,31,1.8,202,0.495,0.01,0,0.74,115,6.174,0.495,0.519,12,0.062,4.35,11,0.322,71,3.4,0.36
toaster pastries brown sugar cinnamon,2.054663768,370,4.06,7.98,72.64,27.24,2.3,0,0.58,0,0,1.33,0,7.23,0.6,0.66,293,0.098,5.62,18,0.534,84,3.5,0.55
toaster pastries fruit,6.13,409,4.7,11.03,72.7,28.99,1,467,0.465,0,0,0.9,76,5.25,0.415,0.365,11,0.068,3.92,12,0.332,76,5.1,0.38
toaster pastries fruit includes apple,1.4,388,4.2,9.95,70.32,26.13,1,202,0.52,0,0,0.9,174,6.791,0.558,0.649,16,0.069,5.51,12,0.324,87,3.1,0.38
tortillas ready to bake or  fry,6.94,277.5,7.633333333,5.943333333,48.86333333,1.553333333,4.916666667,0,0.146333333,0,0,0.371666667,152.6666667,3.2065,0.163,0.423166667,138.1666667,0.1775,2.525,48.16666667,0.366166667,250.1666667,18.91666667,1
waffle buttermilk,3.799502405,299,7.17,9.445,46.275,4.455,2.5,433,1.1075,2.03,0,0.655,103,7.336,0.6715,0.5695,212,0.05,6.56,21,0.229,427,10.2,0.53
waffle plain,3.59096,298,6.71,9.91,45.41,5.04,2.4,0,1.016,2.18,0,0.95,106,7.785,0.655,0.544,197,0.038,5.81,25,0.154,410,12.8,0.45
waffles buttermilk,10.09044444,273,6.58,9.22,41.05,4.3,2.2,401,0.972,2.86,0,0.62,96,6.675,0.665,0.499,279,0.04,6.04,19,0.215,388,9.5,0.48
waffles chocolate chip,5.4,297,5.8,10.1,45.68,13.1,1.5,429,0.57,1.7,0,0,117,5.7,0.49,0.43,357,0.221,6.4,16,0.393,272,13.1,0.4
waffles plain,12.838,296,7.186666667,11.13666667,41.72333333,3.31,1.533333333,281.3333333,0.666,2.026666667,0.133333333,0.676666667,98.33333333,6.178666667,0.557,0.469333333,290,0.045333333,4.943333333,22,0.263,326.6666667,23.66666667,0.6
waffles whole wheat,3.645946032,257,7.14,3.57,49.16,4.29,4.3,155,0.571,1.71,0,0.41,88,5.714,0.486,0.429,143,0.193,6.43,65,1.711,286,30.5,1.17
beef australian,4.676625,293.8333333,17.04366667,24.98233333,0.180666667,0,0,6.466666667,0,0,0,0,0,0,0,0,4.133333333,0,1.775,0,0,0,0,0
beef new zealand,2.6632,212.1891892,23.15243243,13.15108108,0.300540541,0,0,678.7567568,0.211391892,4.896891892,0,0.622702703,0,3.529932432,0.268135135,0.07322973,9.662162162,0.39172973,2.417297297,19.45945946,8.622013514,184.8783784,6.381081081,3.789594595
beef bottom sirloin,3.088333333,171.5,23.13,8.146,0,0,0,0,0.5705,1.228,0,0.34,10.5,6.7791,0.1155,0.0678,21.9,0.0737,1.587,21.9,0.0108,198.6,26.9,4.159
beef brisket,2.260802469,220.2121212,25.56424242,12.42090909,0.003636364,0,0,0.545454545,0.390212121,2.136969697,0,0.283030303,7.545454545,4.530909091,0.177424242,0.070151515,13.09090909,0.094363636,2.303333333,21.09090909,0.010636364,198.9090909,25.75151515,6.09969697
beef carcass,3.72,284.5,17.4,23.3,0,0,0,0,0.33,2.68,0,0,7,3.54,0.165,0.08,8,0.069,1.84,17,0.013,155,17,3.58
beef chuck,1.305,206.0782609,25.11008696,11.26747826,0.038434783,0,0,1.826086957,0.379469565,3.42,0,0.172956522,6.826086957,3.865130435,0.22673913,0.084330435,11.09565217,0.103947826,2.714608696,21.87826087,0.01213913,202.4956522,28.74782609,7.965043478
beef chuck eye country style ribs,1.111666667,217.75,24.80416667,13.18166667,0,0,0,4,0.31425,3.160833333,0,0.1225,5.25,4.012333333,0.199166667,0.069,15.41666667,0.093333333,2.423333333,17.66666667,0.014416667,186.5,26.65,8.4275
beef chuck eye roast,1.04,183.1666667,22.78416667,10.2175,0,0,0,3.583333333,0.395,2.956666667,0,0.1475,4.583333333,4.512,0.170166667,0.069333333,18.16666667,0.069083333,2.243333333,20.58333333,0.011666667,196.5,24.275,8.5125
beef chuck eye steak,0.895,214.1818182,23.66818182,13.28272727,0,0,0,3.727272727,0.388090909,3.067272727,0,0.127272727,4.909090909,4.814181818,0.183181818,0.070636364,15.72727273,0.075818182,2.451818182,22.18181818,0.011727273,202.5454545,25.95454545,8.875454545
beef chuck for stew,2.14,158.8333333,27.08,5.596666667,0.081666667,0,0,1.833333333,0.540166667,2.516666667,0,0.135,5.666666667,4.676666667,0.2145,0.0775,14.66666667,0.104333333,2.545,21.66666667,0.015333333,221,29.31666667,6.901666667
beef cured,1.9925,326,19.1625,26.77,0.6775,0,0,0,0.25,2.125,12.75,0.1125,6,4.0325,0.17675,0.05475,7,0.1095,1.98,16,0.01725,144.5,26.125,4.0475
beef flank,14.278,180.5,25.00285714,8.186428571,0,0,0,0,0.556,1.622142857,0,0.352857143,10.35714286,6.750214286,0.131214286,0.080785714,19.57142857,0.083357143,1.905714286,22.85714286,0.012,214.3571429,28.57857143,4.629285714
beef grass fed,4.375,154.5,21.245,7.71,0,0,0,0,0.503,1.62,0,0.285,9.5,5.7605,0.139,0.0505,10.5,0.0655,1.92,21,0.0095,193.5,17.65,4.08
beef ground,2.6625,218.8809524,24.62095238,12.85547619,0.016190476,0,0,3.214285714,0.375380952,2.583571429,0,0.135952381,8.166666667,5.45552381,0.173428571,0.042571429,18.07142857,0.081404762,2.619047619,21.4047619,0.01152381,201.4285714,20.13333333,6.01
beef loin,2.14,182.2,25.41186667,8.7332,0.0576,0,0,3,0.603226667,3.018666667,0,0.1564,5.213333333,5.766346667,0.270653333,0.066333333,12.4,0.082933333,2.553466667,18.61333333,0.004653333,228.9866667,25.64,4.8112
beef plate,2.14,228.25,25.12,13.4025,0,0,0,0,0.405,3.9975,0,0.1075,7.25,4.02225,0.1925,0.104,10.75,0.091,2.71,24.25,0,225.25,19.25,6.4725
beef plate steak,2,229,24.11541667,14.70833333,0.06875,0,0,4.041666667,0.443,4.59125,0,0.115833333,4.958333333,5.290041667,0.515083333,0.092708333,6.583333333,0.144041667,3.225833333,22.25,0.143791667,163.375,28.80833333,6.6075
beef rib,19.302,297.4594595,22.61851351,22.36567568,0.048378378,0,0,0.77027027,0.383432432,2.337702703,0,0.110810811,6.783783784,4.5085,0.1765,0.078054054,13.60810811,0.077986486,2.077972973,20.72972973,0.010621622,180.5135135,22.84189189,5.028918919
beef rib eye,0.937942857,210.6666667,25.46333333,11.34,0,0,0,0,0.495,1.853333333,0,0.296666667,7.666666667,6.060666667,0.147666667,0.077,17.33333333,0.078,1.796666667,22.33333333,0.010666667,197.3333333,25.36666667,5.09
beef rib eye roast,5.05,259,25.79666667,17.295,0,0,0,5,0.50975,2.1925,0,0.0975,6.5,5.331666667,0.296916667,0.087083333,10.83333333,0.081833333,2.139166667,22.66666667,0.081833333,164.5,29.29166667,6.170833333
beef rib eye steak,5.8,234.1666667,24.60041667,15.09041667,0.013333333,0,0,4.291666667,0.500541667,2.092083333,0,0.075,5.708333333,5.32425,0.29575,0.088958333,11.75,0.080958333,2.283333333,23.16666667,0.06125,163.2083333,29.69166667,6.000833333
beef rib eye steak roast,7.507337123,204.0833333,20.10333333,13.75666667,0,0,0,3.5,0.442333333,1.808333333,0,0.144166667,3.166666667,4.912416667,0.252583333,0.098916667,8.333333333,0.070333333,1.841666667,20.33333333,0.069916667,142.0833333,22.44166667,4.876666667
beef ribeye  petite roast filet,11.95,132,22.69,4.556666667,0.073333333,0,0,2,0.622333333,2.946666667,0,0,4,5.742333333,0.192666667,0.066333333,5,0.090333333,2.24,26,0,228.3333333,23.83333333,5.556666667
beef ribeye cap steak,7.878611111,211.1666667,22.23166667,12.955,1.475,0,0,2,0.384666667,3.045,0,0,4.5,3.683666667,0.263,0.088,6.5,0.142,2.93,24.5,0,216.8333333,28.71666667,8.896666667
beef ribeye filet,17.73375,197.6666667,28.83666667,9.023333333,0.226666667,0,0,1.666666667,0.523333333,3.27,0,0,7,5.422,0.299,0.069,6,0.112666667,3.03,27.66666667,0,255,34.66666667,8.48
