Item,Footprint,FullName,Energy_kcal,Protein_g,Fat_g,Carb_g,Sugar_g,Fiber_g,VitA_mcg,VitB6_mg,VitB12_mcg,VitC_mg,VitE_mg,Folate_mcg,Niacin_mg,Riboflavin_mg,Thiamin_mg,Calcium_mg,Copper_mcg,Iron_mg,Magnesium_mg,Manganese_mg,Phosphorus_mg,Selenium_mcg,Zinc_mg
beer in can,0.68988,milk canned,160.4,7.178,6.315999999999999,19.174,17.165999999999997,0.0,64.4,0.0512,0.2319999999999999,1.9,0.092,8.8,0.1931999999999999,0.3346,0.0551999999999999,271.4,0.0158,0.2099999999999999,25.0,0.006,211.4,4.840000000000001,0.8300000000000001
beer in glass,1.033266667,carbonated beverage cola,39.66666666666666,0.0233333333333333,0.0066666666666666,10.24,10.1,0.0,0.0,0.0,0.0,0.0,0.0,0.0,0.0,0.0,0.0,2.0,0.0003333333333333,0.0499999999999999,0.0,0.0006666666666666,10.666666666666666,0.1,0.0133333333333333
chocolate or cream filled cookies,1.691277778,cookies chocolate wafers,433.0,6.6,14.2,72.7,37.43,3.4,3.0,0.051,0.09,0.0,0.72,75.0,2.858,0.266,0.203,31.0,0.463,4.01,53.0,0.696,132.0,5.7,1.09
simple cookies,1.496333333,cookies animal,509.0,3.0,24.1,70.09,41.1,0.9,0.0,0.014,0.0,0.0,0.93,94.0,1.7,0.15,0.28,6.0,0.052,1.57,7.0,0.0,5.0,11.3,0.24
mineral water,0.491,beverages water,2.5,0.0,0.0,0.625,0.0,0.0,0.0,0.0415,0.125,12.5,0.28,0.0,0.4165,0.0,0.0,16.5,0.0,0.0,5.5,0.0,0.0,0.0,0.0
bread plain,0.9712222222,bread naan indian bread,288.5,9.91,6.175000000000001,48.32,3.475,3.5,1.0,0.1115,0.0,0.0,1.0550000000000002,8.0,4.71,0.345,0.478,71.5,0.1435,2.49,47.5,0.957,144.0,19.65,1.025
bread whole,0.7775,bread whole wheat,285.25,11.579999999999998,4.7175,50.4175,4.5425,6.975,0.0,0.212,0.0,0.0,1.2225,65.25,4.524,0.2257499999999999,0.33475,90.0,0.357,2.9825,86.0,2.16675,226.75,39.85,1.7675
bread frozen frozen,1.31,taquitos frozen,285.5,9.305,12.665,33.545,1.48,2.85,32.5,0.1595,0.23,0.0,1.19,106.0,3.6935,0.293,0.331,100.5,0.101,2.5700000000000003,24.0,0.3745,134.5,16.05,0.88
cornflakes,2.64,snacks granola bites,451.0,7.17,17.5,66.27,30.0,5.7,2.0,0.143,0.07,0.2,2.51,38.0,2.318,0.146,0.199,41.0,0.247,1.56,69.0,1.682,216.0,20.0,1.92
dark chocolate,2.673333333,chocolate dark,574.3333333333334,6.263333333333333,37.406666666666666,53.16333333333333,36.2,8.633333333333333,2.333333333333333,0.038,0.23,0.0,0.5733333333333333,0.0,0.8723333333333333,0.059,0.0303333333333333,63.66666666666666,1.3473333333333333,8.746666666666668,183.3333333333333,1.564,258.0,6.066666666666666,2.6566666666666667
milk chocolate,3.6,milk chocolate,77.0,3.0975,2.0475,11.8,9.645,0.675,53.25,0.03225,0.3275,0.45,0.0425,3.5,0.145,0.269,0.0412499999999999,132.75,0.07,0.2475,13.5,0.0695,95.5,2.65,0.4
coffee ground,5.129285715,bison ground,162.5,22.84,7.914999999999999,0.025,0.0,0.0,0.0,0.392,2.19,0.0,0.195,14.0,5.644,0.255,0.14,12.5,0.1455,2.985,22.0,0.0,203.5,25.55,4.965
coffee parchment,8.465,coffee brewed,9.0,0.11,0.18,1.68,0.0,0.0,0.0,0.002,0.0,0.2,0.005,1.0,5.207,0.177,0.001,2.0,0.05,0.13,80.0,0.05,7.0,0.0,0.05
coffee drip filtered,0.595,coffee brewed,9.0,0.11,0.18,1.68,0.0,0.0,0.0,0.002,0.0,0.2,0.005,1.0,5.207,0.177,0.001,2.0,0.05,0.13,80.0,0.05,7.0,0.0,0.05
espresso,0.55,coffee brewed,9.0,0.11,0.18,1.68,0.0,0.0,0.0,0.002,0.0,0.2,0.005,1.0,5.207,0.177,0.001,2.0,0.05,0.13,80.0,0.05,7.0,0.0,0.05
flavored crackers,1.005,crackers multigrain,482.0,7.1,20.4,67.6,12.0,3.5,0.0,0.117,0.0,0.0,1.75,143.0,3.4,0.28,0.52,14.0,0.151,2.59,29.0,0.0,292.0,26.1,0.98
plain crackers,1.239375,crackers multigrain,482.0,7.1,20.4,67.6,12.0,3.5,0.0,0.117,0.0,0.0,1.75,143.0,3.4,0.28,0.52,14.0,0.151,2.59,29.0,0.0,292.0,26.1,0.98
wholegrain crackers,0.9891764706,crackers crispbread,366.0,7.9,1.3,82.2,1.07,16.5,0.0,0.21,0.0,0.0,0.81,65.0,1.04,0.145,0.243,31.0,0.255,2.43,78.0,2.475,269.0,36.6,2.39
crispbread,1.3645,fast foods french toast sticks,340.0,6.0,17.74,41.21,9.89,1.4,0.0,0.053,0.0,0.0,0.88,212.0,2.575,0.175,0.284,53.0,0.085,1.92,19.0,0.39,87.0,12.2,0.51
ketchup,1.464,sauce worcestershire,78.0,0.0,0.0,19.46,10.03,0.0,5.0,0.0,0.0,13.0,0.08,8.0,0.7,0.13,0.07,107.0,0.2,5.3,13.0,0.0,60.0,0.5,0.19
mayonnaise,2.04,yogurt greek,80.83333333333333,8.615,0.6683333333333333,10.038333333333332,9.29,0.4833333333333334,0.3333333333333333,0.0523333333333333,0.6183333333333333,0.0833333333333333,0.0016666666666666,1.1666666666666667,0.2091666666666667,0.2491666666666666,0.0306666666666666,97.33333333333331,0.0178333333333333,0.0683333333333333,10.5,0.0203333333333333,118.16666666666669,9.4,0.4483333333333333
tempeh,1.1,mori nu tofu,49.4,6.480000000000001,1.7600000000000002,1.88,0.8880000000000001,0.06,0.0,0.0066,0.0,0.0,0.0,0.0,0.2004,0.031,0.0699999999999999,34.6,0.172,0.916,20.6,0.0,83.2,0.0,0.4640000000000001
egg pasta,3.190466667,noodles egg,229.25,8.26625,2.91,42.21875000000001,0.75875,2.5625,8.5,0.14275,0.185,0.0,0.2462499999999999,142.125,2.93625,0.1785,0.4096249999999999,24.125,0.165375,1.9175,38.25,0.538375,129.5,34.375,1.1125
raspberries frozen,1.175,raspberries frozen,77.5,0.95,0.405,19.05,13.09,5.45,2.5,0.0445,0.0,21.35,0.7949999999999999,23.5,0.414,0.0414999999999999,0.0255,20.0,0.0975,0.6699999999999999,17.5,0.66,23.0,0.25,0.3
apple juice,2.84,juice apple,52.0,0.17,0.12,12.96,9.95,0.2,0.0,0.018,0.0,50.7,0.01,0.0,0.094,0.015,0.005,72.0,0.013,0.14,6.0,0.086,11.0,0.1,0.06
blueberry juice,3.0,juice smoothie naked juice,64.0,0.5566666666666666,0.0,15.14,12.083333333333334,0.9666666666666668,0.0,0.3193333333333333,1.0433333333333332,12.5,1.8766666666666667,0.0,2.7776666666666667,0.0,0.0,5.333333333333333,0.0,0.1999999999999999,3.333333333333333,0.0,0.0,0.0,0.0
cranberry juice,2.88,cranberry juice unsweetened,46.0,0.39,0.13,12.2,12.1,0.1,2.0,0.052,0.0,9.3,1.2,1.0,0.091,0.018,0.009,8.0,0.055,0.25,6.0,0.0,13.0,0.1,0.1
fig juice,3.2,juice smoothie naked juice,64.0,0.5566666666666666,0.0,15.14,12.083333333333334,0.9666666666666668,0.0,0.3193333333333333,1.0433333333333332,12.5,1.8766666666666667,0.0,2.7776666666666667,0.0,0.0,5.333333333333333,0.0,0.1999999999999999,3.333333333333333,0.0,0.0,0.0,0.0
kiwi juice,2.84,juice smoothie naked juice,64.0,0.5566666666666666,0.0,15.14,12.083333333333334,0.9666666666666668,0.0,0.3193333333333333,1.0433333333333332,12.5,1.8766666666666667,0.0,2.7776666666666667,0.0,0.0,5.333333333333333,0.0,0.1999999999999999,3.333333333333333,0.0,0.0,0.0,0.0
mango juice,2.96,juice smoothie naked juice,64.0,0.5566666666666666,0.0,15.14,12.083333333333334,0.9666666666666668,0.0,0.3193333333333333,1.0433333333333332,12.5,1.8766666666666667,0.0,2.7776666666666667,0.0,0.0,5.333333333333333,0.0,0.1999999999999999,3.333333333333333,0.0,0.0,0.0,0.0
pineapple juice,2.78,pineapple juice frozen concentrate,115.0,0.8500000000000001,0.065,28.485,28.035,0.4499999999999999,2.0,0.1645,0.0,27.0,0.02,24.0,0.55,0.04,0.15,26.0,0.179,0.53,24.5,2.244,18.5,0.25,0.24
strawberry juice,2.68,v8 splash juice drinks strawberry kiwi,29.0,0.0,0.0,7.41,7.41,0.0,0.0,0.0,0.0,24.7,1.11,0.0,0.0,0.0,0.0,0.0,0.0,0.0,0.0,0.0,0.0,0.0,0.0
orange juice,0.6237565317,beverages orange juice,21.0,0.21,0.0,5.42,4.17,0.0,10.0,0.05,0.0,30.0,1.25,10.0,0.333,0.028,0.063,0.0,0.018,0.0,10.0,0.0,4.0,0.0,0.02
pear juice,0.49045,juice apple,52.0,0.17,0.12,12.96,9.95,0.2,0.0,0.018,0.0,50.7,0.01,0.0,0.094,0.015,0.005,72.0,0.013,0.14,6.0,0.086,11.0,0.1,0.06
buckwheat flour,1.96,corn flour masa,363.0,8.46,3.69,76.59,1.0733333333333337,6.400000000000001,3.6666666666666665,0.4749999999999999,0.0,0.0,0.08,233.0,7.166,0.5690000000000001,1.0576666666666668,138.0,0.209,6.156666666666666,93.0,0.376,231.0,10.5,1.8
graham flour,0.47,nuts acorn flour,501.0,7.49,30.17,54.65,0.0,0.0,3.0,0.688,0.0,0.0,0.0,114.0,2.382,0.154,0.146,43.0,0.611,1.21,110.0,1.743,103.0,0.0,0.64
maize flour,1.31,corn flour masa,363.0,8.46,3.69,76.59,1.0733333333333337,6.400000000000001,3.6666666666666665,0.4749999999999999,0.0,0.0,0.08,233.0,7.166,0.5690000000000001,1.0576666666666668,138.0,0.209,6.156666666666666,93.0,0.376,231.0,10.5,1.8
millet flour,1.37,corn flour masa,363.0,8.46,3.69,76.59,1.0733333333333337,6.400000000000001,3.6666666666666665,0.4749999999999999,0.0,0.0,0.08,233.0,7.166,0.5690000000000001,1.0576666666666668,138.0,0.209,6.156666666666666,93.0,0.376,231.0,10.5,1.8
oat meal,1.126,oat bran raw,246.0,17.3,7.03,66.22,1.45,15.4,0.0,0.165,0.0,0.0,1.01,52.0,0.934,0.22,1.17,58.0,0.403,5.41,235.0,5.63,734.0,45.2,3.11
sorghum flour,1.33,corn flour masa,363.0,8.46,3.69,76.59,1.0733333333333337,6.400000000000001,3.6666666666666665,0.4749999999999999,0.0,0.0,0.08,233.0,7.166,0.5690000000000001,1.0576666666666668,138.0,0.209,6.156666666666666,93.0,0.376,231.0,10.5,1.8
wheat plain flour,0.612069375,wheat flour white,367.25,10.13125,2.2550000000000003,74.64500000000001,0.20625,2.2,0.0,0.0419999999999999,0.0,0.0,0.315,248.875,5.61975,0.4213749999999999,0.6985,108.625,0.138625,4.8175,21.125,0.7210000000000001,177.375,22.5875,0.69125
whole wheat flour,0.3756691542,wheat flour whole grain,336.0,11.41,2.225,73.225,0.715,11.9,0.0,0.299,0.0,0.0,0.62,36.0,5.152,0.1765,0.3994999999999999,33.5,0.4425,3.655,127.0,3.733,340.0,37.25,2.78
chocolate,6.6,frostings chocolate,399.5,1.1525000000000003,12.1825,74.505,14.4275,1.775,39.0,0.05275,0.0075,0.0,0.455,2.25,0.122,0.0244999999999999,0.0075,10.75,0.23775,1.1175,29.75,0.208,60.5,1.25,0.5925
ice cream,1.02,ice cream sandwich made with light ice cream,186.0,4.29,3.04,39.64,17.86,0.0,96.0,0.01,0.02,0.0,0.14,19.0,0.555,0.052,0.039,30.0,0.09,0.09,10.0,0.0,26.0,1.1,0.21
vanilla,4.3,frostings vanilla,413.6666666666667,0.2133333333333333,11.29,78.65666666666667,21.03333333333333,0.0666666666666666,26.666666666666668,0.001,0.0033333333333333,0.0,0.51,2.6666666666666665,0.0746666666666666,0.1033333333333333,0.0036666666666666,4.0,0.021,0.0566666666666666,1.6666666666666667,0.004,9.333333333333334,0.5,0.03
azuki bean flour,1.32,corn flour masa,363.0,8.46,3.69,76.59,1.0733333333333337,6.400000000000001,3.6666666666666665,0.4749999999999999,0.0,0.0,0.08,233.0,7.166,0.5690000000000001,1.0576666666666668,138.0,0.209,6.156666666666666,93.0,0.376,231.0,10.5,1.8
mung bean flour,1.49,corn flour masa,363.0,8.46,3.69,76.59,1.0733333333333337,6.400000000000001,3.6666666666666665,0.4749999999999999,0.0,0.0,0.08,233.0,7.166,0.5690000000000001,1.0576666666666668,138.0,0.209,6.156666666666666,93.0,0.376,231.0,10.5,1.8
soy meal,0.62,soy meal defatted,338.0,47.075,2.39,38.015,0.0,0.0,2.0,0.569,0.0,0.0,0.0,303.0,2.587,0.251,0.691,244.0,2.0,13.7,306.0,3.8,701.0,3.3,5.06
beans in can,0.109,beans lima,71.0,4.07,0.29,13.33,0.0,3.6,8.0,0.062,0.0,7.3,0.0,16.0,0.532,0.043,0.029,28.0,0.162,1.61,34.0,0.7,71.0,1.1,0.64
green beans in can,1.45,pace diced green chilies,27.0,0.0,0.0,6.67,3.33,3.3,0.0,0.0,0.0,12.0,0.0,0.0,0.0,0.0,0.0,0.0,0.0,0.0,0.0,0.0,0.0,0.0,0.0
beans frozen,1.77,beans lima,71.0,4.07,0.29,13.33,0.0,3.6,8.0,0.062,0.0,7.3,0.0,16.0,0.532,0.043,0.029,28.0,0.162,1.61,34.0,0.7,71.0,1.1,0.64
green beans frozen,2.741769912,beans kidney,174.46666666666667,12.419333333333332,0.4666666666666667,31.285333333333337,0.6206666666666667,11.386666666666668,0.0,0.1758,0.0,1.9866666666666664,0.0953333333333333,164.86666666666667,0.9436,0.1010666666666666,0.2284,67.46666666666667,0.4244,3.96,67.93333333333334,0.5392666666666667,204.0,1.7266666666666666,1.3559999999999997
margarine,1.43,margarine like butter margarine blend,718.0,0.9,80.7,0.6,0.0,0.0,819.0,0.01,0.1,0.1,5.0,2.0,0.03,0.04,0.01,28.0,0.005,0.09,2.0,0.0,23.0,0.5,0.02
almond covered with chocolate,4.8,beverages chocolate malt,49.0,3.25,0.17,8.64,7.77,0.0,137.0,0.116,0.36,3.3,0.54,5.0,0.865,0.134,0.093,234.0,0.089,0.74,20.0,0.0,97.0,2.0,0.97
hazelnut covered with chocolate,3.43,candies chocolate covered,470.0,9.5,21.0,60.67,41.35,4.3,42.0,0.16,0.0,1.4,1.1,92.0,4.76,0.16,0.04,78.0,0.58,1.7,81.0,0.0,166.0,2.8,1.87
almond paste,2.98,nuts almond paste,458.0,9.0,27.74,47.81,36.25,4.8,0.0,0.036,0.0,0.1,13.54,73.0,1.422,0.414,0.082,172.0,0.454,1.6,130.0,0.856,258.0,4.2,1.48
hazelnut cream,2.71,cream fluid,240.5,2.47,24.68,3.4275,3.4275,0.0,242.0,0.03125,0.2324999999999999,0.7250000000000001,0.7050000000000001,3.25,0.054,0.133,0.0282499999999999,83.75,0.00775,0.0425,8.25,0.001,74.5,0.85,0.315
hazelnut paste,1.685,nuts almond paste,458.0,9.0,27.74,47.81,36.25,4.8,0.0,0.036,0.0,0.1,13.54,73.0,1.422,0.414,0.082,172.0,0.454,1.6,130.0,0.856,258.0,4.2,1.48
peanut butter,1.15,margarine like butter margarine blend,718.0,0.9,80.7,0.6,0.0,0.0,819.0,0.01,0.1,0.1,5.0,2.0,0.03,0.04,0.01,28.0,0.005,0.09,2.0,0.0,23.0,0.5,0.02
peanut paste,1.84,nuts almond paste,458.0,9.0,27.74,47.81,36.25,4.8,0.0,0.036,0.0,0.1,13.54,73.0,1.422,0.414,0.082,172.0,0.454,1.6,130.0,0.856,258.0,4.2,1.48
olive oil,3.837506911,oil olive,884.0,0.0,100.0,0.0,0.0,0.0,0.0,0.0,0.0,0.0,14.35,0.0,0.0,0.0,0.0,1.0,0.0,0.56,0.0,0.0,0.0,0.0,0.0
palm oil,2.3159,oil palm,884.0,0.0,100.0,0.0,0.0,0.0,0.0,0.0,0.0,0.0,15.94,0.0,0.0,0.0,0.0,0.0,0.0,0.01,0.0,0.0,0.0,0.0,0.0
peanut oil,2.8975,oil hazelnut,884.0,0.0,100.0,0.0,0.0,0.0,0.0,0.0,0.0,0.0,47.2,0.0,0.0,0.0,0.0,0.0,0.0,0.0,0.0,0.0,0.0,0.0,0.0
soybean oil,2.303482143,oil soybean,884.0,0.0,100.0,0.0,0.0,0.0,0.0,0.0,0.0,0.0,9.46,0.0,0.0,0.0,0.0,0.0,0.0,0.0166666666666666,0.0,0.0,0.0,0.0,0.0033333333333333
sunflower oil,0.99412,oil sunflower,884.0,0.0,100.0,0.0,0.0,0.0,0.0,0.0,0.0,0.0,41.08,0.0,0.0,0.0,0.0,0.0,0.0,0.0075,0.0,0.0,0.0,0.0,0.0
pasta,1.241734167,pasta homemade,127.0,4.825,1.36,24.33,0.0,0.0,8.5,0.0325,0.05,0.0,0.0,60.5,1.2999999999999998,0.1609999999999999,0.1775,8.0,0.0579999999999999,1.145,14.0,0.188,46.0,0.0,0.405
pesto,2.713,ravioli cheese with tomato sauce,111.0,4.52,2.61,17.31,4.09,1.4,35.0,0.108,0.14,2.8,0.98,70.0,1.267,0.116,0.118,79.0,0.079,0.93,20.0,0.184,78.0,12.1,0.43
pesto without garlic,2.717,garlic raw,149.0,6.36,0.5,33.06,1.0,2.1,0.0,1.235,0.0,31.2,0.08,3.0,0.7,0.11,0.2,181.0,0.299,1.7,25.0,1.672,153.0,14.2,1.16
beet sugar,0.8854922222222222,sugar turbinado,399.0,0.0,0.0,99.8,99.19,0.0,0.0,0.0,0.0,0.0,0.0,0.0,0.0,0.0,0.0,12.0,0.009,0.37,2.0,0.046,1.0,0.0,0.03
cane sugar,0.66633,sugar turbinado,399.0,0.0,0.0,99.8,99.19,0.0,0.0,0.0,0.0,0.0,0.0,0.0,0.0,0.0,0.0,12.0,0.009,0.37,2.0,0.046,1.0,0.0,0.03
cakes and croissant,2.230607143,snacks corn cakes,387.0,8.1,2.4,83.4,11.735,0.95,41.0,0.14,0.0,0.0,0.0,19.0,5.15,0.05,0.25,19.0,0.42,1.4,114.0,1.815,157.0,9.9,2.0
cocoa cakes and croissant,1.970555556,snacks corn cakes,387.0,8.1,2.4,83.4,11.735,0.95,41.0,0.14,0.0,0.0,0.0,19.0,5.15,0.05,0.25,19.0,0.42,1.4,114.0,1.815,157.0,9.9,2.0
tomato chopped,1.410825,tomato products canned,46.0,1.9981818181818185,0.4827272727272726,10.254545454545454,4.609999999999999,2.109090909090909,45.09090909090909,0.157,0.0,13.67272727272727,1.5527272727272723,11.909090909090908,1.5782727272727273,0.1068181818181818,0.0571818181818181,20.818181818181817,0.2131818181818181,1.6445454545454543,23.818181818181817,0.2192727272727272,47.81818181818182,1.4818181818181817,0.3463636363636363
tomato peeled,1.275166667,tomato products canned,46.0,1.9981818181818185,0.4827272727272726,10.254545454545454,4.609999999999999,2.109090909090909,45.09090909090909,0.157,0.0,13.67272727272727,1.5527272727272723,11.909090909090908,1.5782727272727273,0.1068181818181818,0.0571818181818181,20.818181818181817,0.2131818181818181,1.6445454545454543,23.818181818181817,0.2192727272727272,47.81818181818182,1.4818181818181817,0.3463636363636363
tomato puree,1.169911429,tomato products canned,46.0,1.9981818181818185,0.4827272727272726,10.254545454545454,4.609999999999999,2.109090909090909,45.09090909090909,0.157,0.0,13.67272727272727,1.5527272727272723,11.909090909090908,1.5782727272727273,0.1068181818181818,0.0571818181818181,20.818181818181817,0.2131818181818181,1.6445454545454543,23.818181818181817,0.2192727272727272,47.81818181818182,1.4818181818181817,0.3463636363636363
tomato and basil,1.1465,clam and tomato juice canned,48.0,0.6,0.2,10.95,3.31,0.4,7.0,0.061,0.03,5.0,0.11,8.0,0.231,0.012,0.021,8.0,0.029,0.15,5.0,0.032,11.0,0.4,0.08
carrots canned,1.6,carrots canned,24.0,0.6125,0.165,5.4525,2.47,1.65,571.75,0.112,0.0,2.35,0.7350000000000001,8.5,0.4865,0.0284999999999999,0.0185,28.0,0.1035,0.5800000000000001,8.5,0.45,22.0,0.4,0.275
corn canned,1.355,corn dried,419.0,14.48,10.64,66.27,21.32,20.5,13.0,1.11,0.0,0.0,0.44,0.0,8.25,0.181,0.261,25.0,0.293,2.61,149.0,0.9,344.0,56.5,3.06
carrots frozen,0.267,carrots frozen,36.66666666666666,0.6466666666666666,0.6066666666666668,7.786666666666666,4.306666666666667,3.2999999999999994,800.6666666666666,0.0876666666666666,0.0,2.3666666666666667,0.8633333333333333,10.666666666666666,0.432,0.037,0.0346666666666666,35.333333333333336,0.0793333333333333,0.5,11.333333333333334,0.1683333333333333,31.666666666666668,0.6333333333333333,0.3433333333333332
zucchini frozen,1.35,cauliflower frozen,20.0,1.7433333333333334,0.2366666666666666,3.863333333333333,1.2433333333333334,2.566666666666667,0.3333333333333333,0.0996666666666666,0.0,37.13333333333333,0.0633333333333333,48.66666666666666,0.3496666666666666,0.0586666666666666,0.0416666666666666,18.666666666666668,0.0263333333333333,0.4533333333333333,10.0,0.1656666666666666,27.666666666666668,0.6666666666666666,0.1433333333333333
soy cream,1.62,cream fluid,240.5,2.47,24.68,3.4275,3.4275,0.0,242.0,0.03125,0.2324999999999999,0.7250000000000001,0.7050000000000001,3.25,0.054,0.133,0.0282499999999999,83.75,0.00775,0.0425,8.25,0.001,74.5,0.85,0.315
almond milk,0.4179027998,beverages almond milk,44.0,0.525,1.145,7.985,7.5,0.4,63.0,0.0045,1.25,2.2,2.81,1.0,0.089,0.177,0.0185,188.0,0.042,0.415,9.5,0.058,13.5,0.15,0.63
coconut milk,0.4126201796,nuts coconut milk,209.66666666666663,1.9733333333333336,21.99,4.6433333333333335,1.1133333333333333,0.7333333333333334,0.0,0.0303333333333333,0.0,1.6333333333333335,0.0499999999999999,14.666666666666666,0.6893333333333334,0.0,0.0236666666666666,12.666666666666666,0.2413333333333333,1.9166666666666667,38.333333333333336,0.8310000000000001,85.0,2.066666666666667,0.6066666666666666
rice milk,0.7975333333,milk imitation,46.0,1.6,2.0,5.3,5.3,0.0,61.0,0.0,0.0,0.0,0.0,0.0,0.1,0.0,0.0,82.0,0.02,0.1,1.0,0.0,100.0,1.8,0.1
soy milk,0.854880238,milk indian buffalo,97.0,3.75,6.89,5.18,0.0,0.0,53.0,0.023,0.36,2.3,0.0,6.0,0.091,0.135,0.052,169.0,0.046,0.12,31.0,0.018,117.0,0.0,0.22
soy burger,1.48,soy meal defatted,338.0,47.075,2.39,38.015,0.0,0.0,2.0,0.569,0.0,0.0,0.0,303.0,2.587,0.251,0.691,244.0,2.0,13.7,306.0,3.8,701.0,3.3,5.06
tofu,2.333,mori nu tofu,49.4,6.480000000000001,1.7600000000000002,1.88,0.8880000000000001,0.06,0.0,0.0066,0.0,0.0,0.0,0.0,0.2004,0.031,0.0699999999999999,34.6,0.172,0.916,20.6,0.0,83.2,0.0,0.4640000000000001
soy yogurt,1.36,soy meal defatted,338.0,47.075,2.39,38.015,0.0,0.0,2.0,0.569,0.0,0.0,0.0,303.0,2.587,0.251,0.691,244.0,2.0,13.7,306.0,3.8,701.0,3.3,5.06
wine red,1.020266667,wine  red,85.0,0.07,0.0,2.61,0.62,0.0,0.0,0.057,0.0,0.0,0.0,1.0,0.224,0.031,0.005,8.0,0.011,0.46,12.0,0.132,23.0,0.2,0.14
wine white,0.7441,wine  white,85.28571428571429,0.07,0.0,4.238571428571428,0.1371428571428571,0.0,0.0,0.0071428571428571,0.0,0.0,0.0,0.0714285714285714,0.0154285714285714,0.0021428571428571,0.0007142857142857,1.2857142857142858,0.0005714285714285,0.0385714285714285,1.4285714285714286,0.0167142857142857,2.571428571428572,0.0142857142857142,0.0171428571428571
yeast compressed,0.824,leavening agents yeast,215.0,24.42,4.755,29.66,0.0,17.5,0.0,0.965,0.04,0.2,0.0,1562.5,26.25,2.565,6.4350000000000005,24.5,0.292,2.71,47.0,0.256,486.5,8.0,8.955
yeast dried,3.294,leavening agents yeast,215.0,24.42,4.755,29.66,0.0,17.5,0.0,0.965,0.04,0.2,0.0,1562.5,26.25,2.565,6.4350000000000005,24.5,0.292,2.71,47.0,0.256,486.5,8.0,8.955
yeast liquid,0.503,leavening agents yeast,215.0,24.42,4.755,29.66,0.0,17.5,0.0,0.965,0.04,0.2,0.0,1562.5,26.25,2.565,6.4350000000000005,24.5,0.292,2.71,47.0,0.256,486.5,8.0,8.955
beef bone free meat,27.72327180145614,game meat bear,210.0,26.26,10.845,0.0,0.0,0.0,0.0,0.145,1.235,0.0,0.245,3.0,3.2750000000000004,0.75,0.13,4.0,0.074,8.690000000000001,11.5,0.0,160.5,9.75,5.135
beef meat with bone,19.54409099,luncheon meat pork with ham,315.0,13.4,26.6,4.6,0.0,0.0,0.0,0.218,0.45,0.0,0.42,3.0,3.53,0.176,0.317,0.0,0.051,0.64,14.0,0.0,151.0,22.9,1.59
buffalo bone free meat,71.39276803,game meat bear,210.0,26.26,10.845,0.0,0.0,0.0,0.0,0.145,1.235,0.0,0.245,3.0,3.2750000000000004,0.75,0.13,4.0,0.074,8.690000000000001,11.5,0.0,160.5,9.75,5.135
butter,9.900066667,croissants butter,406.0,8.2,21.0,45.8,11.26,2.6,206.0,0.058,0.16,0.2,0.84,130.0,2.188,0.241,0.388,37.0,0.08,2.03,16.0,0.33,105.0,22.7,0.75
cream,5.342395344,cream fluid,240.5,2.47,24.68,3.4275,3.4275,0.0,242.0,0.03125,0.2324999999999999,0.7250000000000001,0.7050000000000001,3.25,0.054,0.133,0.0282499999999999,83.75,0.00775,0.0425,8.25,0.001,74.5,0.85,0.315
mozzarella,8.475714286,cheese mozzarella,271.1428571428572,25.062857142857144,17.064285714285713,4.064285714285715,1.4800000000000002,0.2571428571428572,182.1428571428572,0.0787142857142857,1.26,0.0,0.25,13.857142857142858,0.1197142857142857,0.3158571428571428,0.0274285714285714,712.2857142857143,0.0267142857142857,0.2685714285714285,25.857142857142858,0.0187142857142857,497.57142857142856,19.385714285714283,3.2014285714285715
ricotta,3.4,cheese cottage,80.88888888888889,11.28777777777778,2.103333333333333,3.781111111111111,2.476666666666667,0.1,27.11111111111111,0.055,0.5288888888888889,1.0444444444444445,0.0333333333333333,11.444444444444445,0.1204444444444444,0.1696666666666667,0.0204444444444444,68.88888888888889,0.0302222222222222,0.1255555555555555,6.444444444444445,0.005,141.11111111111111,8.233333333333333,0.381111111111111
asiago,10.24,cheese american cheddar,239.0,16.7,14.0,11.6,7.74,0.0,114.0,0.12,0.4,0.0,0.27,7.0,0.13,0.43,0.05,562.0,0.033,0.33,29.0,0.0,712.0,15.2,2.59
camembert,7.55,lean pockets ham n cheddar,230.0,10.28,6.53,32.52,7.6,1.7,0.0,0.102,0.44,0.1,0.29,84.0,3.462,0.307,0.412,196.0,0.076,2.15,21.0,0.286,197.0,11.8,1.21
cheese,9.288191958,cheese edam,357.0,24.99,27.8,1.43,1.43,0.0,243.0,0.076,1.54,0.0,0.24,16.0,0.082,0.389,0.037,731.0,0.036,0.44,30.0,0.011,536.0,14.5,3.75
cheese semi hard,8.647,croissants cheese,414.0,9.2,20.9,47.0,11.35,2.6,204.0,0.073,0.32,0.2,1.44,103.0,2.16,0.325,0.523,53.0,0.1,2.15,24.0,0.34,130.0,26.8,0.94
goat cheese,8.18,cheese goat,360.0,23.54,28.83666666666667,0.7633333333333333,0.7633333333333333,0.0,393.6666666666667,0.13,0.1766666666666666,0.0,0.25,6.0,1.326,0.7486666666666667,0.094,444.3333333333333,0.6409999999999999,1.8,33.0,0.1483333333333333,453.3333333333333,4.033333333333334,1.0566666666666666
grana padano,14.27333333,carambola starfruit,31.0,1.04,0.33,6.73,3.98,2.8,3.0,0.017,0.0,34.4,0.15,12.0,0.367,0.016,0.014,3.0,0.137,0.08,10.0,0.037,12.0,0.6,0.12
parmigiano reggiano,14.07556667,cheese parmesan,388.6,32.726,26.2,5.122,0.524,0.0,196.6,0.0851999999999999,1.532,0.0,0.288,8.2,0.2144,0.3835999999999999,0.035,1039.8,0.0768,0.806,43.6,0.0398,718.4,24.48,3.4400000000000004
pecorino,18.85333333,cheese parmesan,388.6,32.726,26.2,5.122,0.524,0.0,196.6,0.0851999999999999,1.532,0.0,0.288,8.2,0.2144,0.3835999999999999,0.035,1039.8,0.0768,0.806,43.6,0.0398,718.4,24.48,3.4400000000000004
eggs,3.228266612,eggs scrambled,131.0,13.1,5.6,7.5,7.5,0.0,21.0,0.01,0.17,0.0,0.84,17.0,0.09,0.3,0.01,17.0,0.03,0.23,10.0,0.0,30.0,22.9,0.14
honey,1.7425,vinegar cider,21.0,0.0,0.0,0.93,0.4,0.0,0.0,0.0,0.0,0.0,0.0,0.0,0.0,0.0,0.0,7.0,0.008,0.2,5.0,0.249,8.0,0.1,0.04
kangaroo meat,4.1,moose meat,103.0,22.3,1.5,0.0,0.0,0.0,0.0,0.0,0.0,4.0,0.0,0.0,5.0,0.24,0.07,5.0,0.067,3.28,23.0,0.008,165.0,0.0,2.8
lamb bone free meat,27.20904498,game meat rabbit,165.2,26.860000000000003,5.5680000000000005,0.0,0.0,0.0,0.0,0.33,5.696,0.0,0.1699999999999999,7.2,7.151999999999999,0.132,0.06,16.4,0.1372,2.852,24.0,0.018,233.6,25.06,1.718
lamb meat with bone,18.00556969,luncheon meat pork with ham,315.0,13.4,26.6,4.6,0.0,0.0,0.0,0.218,0.45,0.0,0.42,3.0,3.53,0.176,0.317,0.0,0.051,0.64,14.0,0.0,151.0,22.9,1.59
buffalo milk,3.751428571,milk imitation,46.0,1.6,2.0,5.3,5.3,0.0,61.0,0.0,0.0,0.0,0.0,0.0,0.1,0.0,0.0,82.0,0.02,0.1,1.0,0.0,100.0,1.8,0.1
cow milk,1.432598057,milk sheep,108.0,5.98,7.0,5.36,0.0,0.0,44.0,0.06,0.71,4.2,0.0,7.0,0.417,0.355,0.065,193.0,0.046,0.1,18.0,0.018,158.0,1.7,0.54
goat milk,1.437,milk goat,69.0,3.56,4.14,4.45,4.45,0.0,57.0,0.046,0.07,1.3,0.07,1.0,0.277,0.138,0.048,134.0,0.046,0.05,14.0,0.018,111.0,1.4,0.3
pork bone free meat,5.786150705200001,luncheon meat pork,313.5,12.5,27.700000000000003,2.75,0.0,0.0,0.0,0.2465,0.755,22.0,0.25,5.0,3.1505,0.1865,0.3155,3.0,0.0414999999999999,0.6799999999999999,12.0,0.012,95.5,26.5,1.8
bacon,4.025,bacon meatless,310.0,10.68,29.52,6.32,0.0,2.6,4.0,0.479,0.0,0.0,6.9,42.0,7.56,0.481,4.4,23.0,0.105,2.41,19.0,0.205,70.0,7.4,0.42
neck,4.025,turkey skin,397.0,19.465,35.43,0.0,0.0,0.0,69.0,0.2004999999999999,1.9,0.0,0.105,0.0,4.0725,0.1575,0.036,5.0,0.049,1.205,15.5,0.006,155.0,15.7,1.265
pork ham,7.9325,salami pork,396.0,15.01,30.5,15.38,6.21,0.2,4.0,0.489,1.76,0.7,0.0,8.0,4.803,0.336,0.738,94.0,0.088,1.55,31.0,0.057,272.0,14.6,3.08
pork sausages,17.94,bratwurst pork,259.5,14.085,21.355,2.2350000000000003,0.785,0.0,1.0,0.27,1.165,0.0,0.13,4.0,3.321,0.2365,0.2745,21.0,0.0834999999999999,0.735,17.5,0.0144999999999999,170.0,29.950000000000003,2.965
pork meat with bone,3.49622331,luncheon meat pork with ham,315.0,13.4,26.6,4.6,0.0,0.0,0.0,0.218,0.45,0.0,0.42,3.0,3.53,0.176,0.317,0.0,0.051,0.64,14.0,0.0,151.0,22.9,1.59
chicken bone free meat,4.239098846,game meat rabbit,165.2,26.860000000000003,5.5680000000000005,0.0,0.0,0.0,0.0,0.33,5.696,0.0,0.1699999999999999,7.2,7.151999999999999,0.132,0.06,16.4,0.1372,2.852,24.0,0.018,233.6,25.06,1.718
duck meat bone free,4.1,duck young duckling,184.25,26.9875,7.6775,0.0,0.0,0.0,0.0,0.0,0.0,2.45,0.0,0.0,7.32625,0.0,0.0,9.25,0.0,3.04,0.0,0.0,0.0,24.700000000000003,0.0
turkey meat bone free,5.106728977,turkey ham cured turkey thigh meat,126.0,17.5,4.84,2.04,1.43,0.2,7.0,0.209,0.23,8.9,0.64,7.0,2.118,0.149,0.03,8.0,0.25,2.34,22.0,0.02,294.0,32.2,2.59
chicken meat with bone,3.24822457,luncheon meat pork with ham,315.0,13.4,26.6,4.6,0.0,0.0,0.0,0.218,0.45,0.0,0.42,3.0,3.53,0.176,0.317,0.0,0.051,0.64,14.0,0.0,151.0,22.9,1.59
duck meat with bone,2.07,luncheon meat pork with ham,315.0,13.4,26.6,4.6,0.0,0.0,0.0,0.218,0.45,0.0,0.42,3.0,3.53,0.176,0.317,0.0,0.051,0.64,14.0,0.0,151.0,22.9,1.59
turkey meat with bone,2.075,luncheon meat pork with ham,315.0,13.4,26.6,4.6,0.0,0.0,0.0,0.218,0.45,0.0,0.42,3.0,3.53,0.176,0.317,0.0,0.051,0.64,14.0,0.0,151.0,22.9,1.59
rabbit meat with bone,4.305,luncheon meat pork with ham,315.0,13.4,26.6,4.6,0.0,0.0,0.0,0.218,0.45,0.0,0.42,3.0,3.53,0.176,0.317,0.0,0.051,0.64,14.0,0.0,151.0,22.9,1.59
snails,0.73,fast foods shrimp,308.0,7.84,18.9,27.99,0.1,0.7,32.0,0.06,0.53,0.0,2.52,62.0,1.24,0.02,0.06,29.0,0.097,0.86,16.0,0.172,185.0,9.7,0.58
yogurt flavoured,2.812144286,yogurt greek,80.83333333333333,8.615,0.6683333333333333,10.038333333333332,9.29,0.4833333333333334,0.3333333333333333,0.0523333333333333,0.6183333333333333,0.0833333333333333,0.0016666666666666,1.1666666666666667,0.2091666666666667,0.2491666666666666,0.0306666666666666,97.33333333333331,0.0178333333333333,0.0683333333333333,10.5,0.0203333333333333,118.16666666666669,9.4,0.4483333333333333
yogurt lactose free,3.16,elk free range,121.5,24.9725,2.3875,0.0,0.0,0.0,0.0,0.80475,2.855,0.0,0.315,0.5,7.1025,0.3585,0.1695,4.25,0.16525,5.295,24.5,0.0269999999999999,220.75,18.525,5.6425
yogurt white,2.095343049,frostings white,307.5,1.9,0.0,78.75,0.0,0.0,0.0,0.001,0.01,0.0,0.0,2.5,0.8300000000000001,0.042,0.001,4.0,0.032,0.075,2.5,0.006,6.0,3.35,0.015
coffee green,0.494625,beverages green tea,1.0,0.2066666666666666,0.0,0.0,0.0,0.0,0.0,0.0016666666666666,0.0,0.0999999999999999,0.0,0.0,0.01,0.0193333333333333,0.0023333333333333,0.3333333333333333,0.0046666666666666,0.02,0.6666666666666666,0.1896666666666666,0.0,0.0,0.01
date,0.6,guavas strawberry,69.0,0.58,0.6,17.36,0.0,5.4,5.0,0.0,0.0,37.0,0.0,0.0,0.6,0.03,0.03,21.0,0.0,0.22,17.0,0.0,27.0,0.0,0.0
raisin,0.658,frostings coconut nut,433.0,1.5,24.0,52.7,40.0,2.5,0.0,0.047,0.0,0.2,1.09,2.0,0.212,0.019,0.035,13.0,0.125,0.54,19.0,0.673,63.0,2.5,0.41
exotic fruit,2.43,coffeecake fruit,311.0,5.2,10.2,51.5,0.0,2.5,7.0,0.037,0.02,0.8,0.0,67.0,2.573,0.19,0.037,45.0,0.03,2.43,17.0,0.24,118.0,16.5,0.65
raspberry,7.35,guavas strawberry,69.0,0.58,0.6,17.36,0.0,5.4,5.0,0.0,0.0,37.0,0.0,0.0,0.6,0.03,0.03,21.0,0.0,0.22,17.0,0.0,27.0,0.0,0.0
strawberry,2.943543814,guavas strawberry,69.0,0.58,0.6,17.36,0.0,5.4,5.0,0.0,0.0,37.0,0.0,0.0,0.6,0.03,0.03,21.0,0.0,0.22,17.0,0.0,27.0,0.0,0.0
avocado,0.9975,pickles cucumber,43.16666666666666,0.435,0.2783333333333333,10.703333333333331,8.201666666666666,1.0833333333333333,21.0,0.0211666666666666,0.0,1.4166666666666667,0.1883333333333333,3.333333333333333,0.0845,0.0326666666666666,0.0206666666666666,29.83333333333333,0.0598333333333333,0.36,5.5,0.0376666666666666,15.0,0.0,0.0733333333333333
banana,0.81292,puddings banana,242.25,1.3775000000000002,2.44,54.93375,23.03125,0.075,21.75,0.01625,0.15625,0.1875,0.015,2.0,0.03775,0.07175,0.0175,57.25,0.018875,0.0674999999999999,8.0,0.008,274.625,1.7500000000000002,0.2
coconut,1.78,frostings coconut nut,433.0,1.5,24.0,52.7,40.0,2.5,0.0,0.047,0.0,0.2,1.09,2.0,0.212,0.019,0.035,13.0,0.125,0.54,19.0,0.673,63.0,2.5,0.41
exotic fruit,2.43,coffeecake fruit,311.0,5.2,10.2,51.5,0.0,2.5,7.0,0.037,0.02,0.8,0.0,67.0,2.573,0.19,0.037,45.0,0.03,2.43,17.0,0.24,118.0,16.5,0.65
pineapple,0.7309220779,pineapple raw,48.66666666666666,0.54,0.12,12.813333333333333,9.486666666666666,0.9333333333333332,3.0,0.1106666666666666,0.0,40.36666666666667,0.0133333333333333,12.333333333333334,0.4923333333333333,0.0313333333333333,0.079,13.0,0.1013333333333333,0.2733333333333334,12.0,1.1126666666666667,8.333333333333334,0.0666666666666666,0.1066666666666666
pomegranate,1.165384615,carbonated beverage orange,48.0,0.0,0.0,12.3,0.0,0.0,0.0,0.0,0.0,0.0,0.0,0.0,0.0,0.0,0.0,5.0,0.015,0.06,1.0,0.013,1.0,0.0,0.1
strawberry,0.837,guavas strawberry,69.0,0.58,0.6,17.36,0.0,5.4,5.0,0.0,0.0,37.0,0.0,0.0,0.6,0.03,0.03,21.0,0.0,0.22,17.0,0.0,27.0,0.0,0.0
melon,1.4105,melon banana navajo,21.0,0.84,0.2,4.06,3.36,0.3,0.0,0.05,0.0,8.1,0.0,0.0,0.46,0.018,0.02,13.0,0.035,0.21,10.0,0.036,9.0,0.4,0.14
clementine,0.4163333333,sherbet orange,144.0,1.1,2.0,30.4,24.32,1.3,12.0,0.023,0.13,2.3,0.01,4.0,0.063,0.097,0.027,54.0,0.028,0.14,8.0,0.011,40.0,1.5,0.48
lemon,0.22,puddings lemon,265.8,1.132,1.4620000000000002,63.56,0.0,0.04,14.0,0.0164,0.122,0.32,0.0,1.6,0.0361999999999999,0.0646,0.0152,41.4,0.0166,0.108,6.0,0.013,234.0,1.2799999999999998,0.148
lime,0.22,puddings lemon,265.8,1.132,1.4620000000000002,63.56,0.0,0.04,14.0,0.0164,0.122,0.32,0.0,1.6,0.0361999999999999,0.0646,0.0152,41.4,0.0166,0.108,6.0,0.013,234.0,1.2799999999999998,0.148
mandarin,0.3951428571,tangerines mandarin oranges,47.25,0.6575,0.1199999999999999,12.1275,10.7975,1.1,46.25,0.05125,0.0,28.65,0.1375,7.75,0.42775,0.035,0.07025,16.75,0.04,0.265,10.5,0.02575,12.75,0.325,0.3375
orange,0.3546129032,sherbet orange,144.0,1.1,2.0,30.4,24.32,1.3,12.0,0.023,0.13,2.3,0.01,4.0,0.063,0.097,0.027,54.0,0.028,0.14,8.0,0.011,40.0,1.5,0.48
apple,0.3128958142,strudel apple,274.0,3.3,11.2,41.1,25.75,2.2,6.0,0.046,0.22,1.7,1.42,44.0,0.33,0.025,0.04,15.0,0.03,0.42,9.0,0.19,33.0,6.1,0.19
apricot,0.3591428571,jams and preserves apricot,242.0,0.7,0.2,64.4,43.4,0.3,10.0,0.02,0.0,8.8,0.13,1.0,0.036,0.022,0.0,20.0,0.1,0.49,4.0,0.04,3.0,2.0,0.06
avocado,0.5435,pickles cucumber,43.16666666666666,0.435,0.2783333333333333,10.703333333333331,8.201666666666666,1.0833333333333333,21.0,0.0211666666666666,0.0,1.4166666666666667,0.1883333333333333,3.333333333333333,0.0845,0.0326666666666666,0.0206666666666666,29.83333333333333,0.0598333333333333,0.36,5.5,0.0376666666666666,15.0,0.0,0.0733333333333333
banana,0.3814222222,puddings banana,242.25,1.3775000000000002,2.44,54.93375,23.03125,0.075,21.75,0.01625,0.15625,0.1875,0.015,2.0,0.03775,0.07175,0.0175,57.25,0.018875,0.0674999999999999,8.0,0.008,274.625,1.7500000000000002,0.2
carob,1.1035,baking chocolate mexican,426.0,3.64,15.59,77.41,69.4,4.0,0.0,0.034,0.0,0.1,0.36,5.0,1.829,0.105,0.057,34.0,0.67,2.18,95.0,0.449,142.0,1.8,1.26
cherry,0.4874285714,guavas strawberry,69.0,0.58,0.6,17.36,0.0,5.4,5.0,0.0,0.0,37.0,0.0,0.0,0.6,0.03,0.03,21.0,0.0,0.22,17.0,0.0,27.0,0.0,0.0
fig,0.3073333333,guavas strawberry,69.0,0.58,0.6,17.36,0.0,5.4,5.0,0.0,0.0,37.0,0.0,0.0,0.6,0.03,0.03,21.0,0.0,0.22,17.0,0.0,27.0,0.0,0.0
guava,0.279,cranberry orange relish canned,178.0,0.3,0.1,46.2,0.0,0.0,4.0,0.0,0.0,18.0,0.0,0.0,0.1,0.02,0.03,11.0,0.04,0.2,4.0,0.0,8.0,0.0,0.0
kiwi,0.6537333333,melons honeydew,36.0,0.54,0.14,9.09,8.12,0.8,3.0,0.088,0.0,18.0,0.02,19.0,0.418,0.012,0.038,6.0,0.024,0.17,10.0,0.027,11.0,0.7,0.09
mango,0.3253333333,mango nectar canned,51.0,0.11,0.06,13.12,12.45,0.3,35.0,0.015,0.0,15.2,0.21,7.0,0.08,0.003,0.003,17.0,0.015,0.36,3.0,0.028,2.0,0.4,0.02
melon,0.559865,melon banana navajo,21.0,0.84,0.2,4.06,3.36,0.3,0.0,0.05,0.0,8.1,0.0,0.0,0.46,0.018,0.02,13.0,0.035,0.21,10.0,0.036,9.0,0.4,0.14
peach,0.4265833333,guavas strawberry,69.0,0.58,0.6,17.36,0.0,5.4,5.0,0.0,0.0,37.0,0.0,0.0,0.6,0.03,0.03,21.0,0.0,0.22,17.0,0.0,27.0,0.0,0.0
pear,0.2861041667,croissants apple,254.0,7.4,8.7,37.1,0.0,2.5,94.0,0.032,0.2,0.5,0.0,88.0,1.6,0.164,0.232,30.0,0.04,1.1,13.0,0.21,58.0,19.0,1.03
pineapple,0.3380233667,pineapple raw,48.66666666666666,0.54,0.12,12.813333333333333,9.486666666666666,0.9333333333333332,3.0,0.1106666666666666,0.0,40.36666666666667,0.0133333333333333,12.333333333333334,0.4923333333333333,0.0313333333333333,0.079,13.0,0.1013333333333333,0.2733333333333334,12.0,1.1126666666666667,8.333333333333334,0.0666666666666666,0.1066666666666666
plum,0.2706666667,apricot nectar canned,56.0,0.37,0.09,14.39,13.515,0.6,66.0,0.022,0.0,9.1,0.155,1.0,0.26,0.014,0.009,7.0,0.073,0.38,5.0,0.032,9.0,0.1,0.09
pomegranate,0.4486666667,carbonated beverage orange,48.0,0.0,0.0,12.3,0.0,0.0,0.0,0.0,0.0,0.0,0.0,0.0,0.0,0.0,0.0,5.0,0.015,0.06,1.0,0.013,1.0,0.0,0.1
rockmelon,0.39,melons honeydew,36.0,0.54,0.14,9.09,8.12,0.8,3.0,0.088,0.0,18.0,0.02,19.0,0.418,0.012,0.038,6.0,0.024,0.17,10.0,0.027,11.0,0.7,0.09
watermelon,0.52,melons honeydew,36.0,0.54,0.14,9.09,8.12,0.8,3.0,0.088,0.0,18.0,0.02,19.0,0.418,0.012,0.038,6.0,0.024,0.17,10.0,0.027,11.0,0.7,0.09
olives,0.5864055556,olives pickled,145.0,1.03,15.32,3.84,0.54,3.3,20.0,0.031,0.0,0.0,3.81,3.0,0.237,0.007,0.021,52.0,0.12,0.49,11.0,0.0,4.0,0.9,0.04
blackberry,0.421,guavas strawberry,69.0,0.58,0.6,17.36,0.0,5.4,5.0,0.0,0.0,37.0,0.0,0.0,0.6,0.03,0.03,21.0,0.0,0.22,17.0,0.0,27.0,0.0,0.0
blueberry,0.638995,guavas strawberry,69.0,0.58,0.6,17.36,0.0,5.4,5.0,0.0,0.0,37.0,0.0,0.0,0.6,0.03,0.03,21.0,0.0,0.22,17.0,0.0,27.0,0.0,0.0
cranberry,0.9,cranberry orange relish canned,178.0,0.3,0.1,46.2,0.0,0.0,4.0,0.0,0.0,18.0,0.0,0.0,0.1,0.02,0.03,11.0,0.04,0.2,4.0,0.0,8.0,0.0,0.0
currant,0.6385,jams and preserves apricot,242.0,0.7,0.2,64.4,43.4,0.3,10.0,0.02,0.0,8.8,0.13,1.0,0.036,0.022,0.0,20.0,0.1,0.49,4.0,0.04,3.0,2.0,0.06
gooseberry,0.84,carambola starfruit,31.0,1.04,0.33,6.73,3.98,2.8,3.0,0.017,0.0,34.4,0.15,12.0,0.367,0.016,0.014,3.0,0.137,0.08,10.0,0.037,12.0,0.6,0.12
raspberry,0.632,guavas strawberry,69.0,0.58,0.6,17.36,0.0,5.4,5.0,0.0,0.0,37.0,0.0,0.0,0.6,0.03,0.03,21.0,0.0,0.22,17.0,0.0,27.0,0.0,0.0
strawberry,0.675212119,guavas strawberry,69.0,0.58,0.6,17.36,0.0,5.4,5.0,0.0,0.0,37.0,0.0,0.0,0.6,0.03,0.03,21.0,0.0,0.22,17.0,0.0,27.0,0.0,0.0
barley,0.5329705882,barley hulled,354.0,12.48,2.3,73.48,0.8,17.3,1.0,0.318,0.0,0.0,0.57,19.0,4.604,0.285,0.646,33.0,0.498,3.6,133.0,1.943,264.0,37.7,2.77
maize,0.7932857143,wheat sprouted,198.0,7.49,1.27,42.53,0.0,1.1,0.0,0.265,0.0,2.6,0.0,38.0,3.087,0.155,0.225,28.0,0.261,2.14,82.0,1.858,200.0,42.5,1.65
millet,0.855,barley hulled,354.0,12.48,2.3,73.48,0.8,17.3,1.0,0.318,0.0,0.0,0.57,19.0,4.604,0.285,0.646,33.0,0.498,3.6,133.0,1.943,264.0,37.7,2.77
oat,0.7006,oat bran raw,246.0,17.3,7.03,66.22,1.45,15.4,0.0,0.165,0.0,0.0,1.01,52.0,0.934,0.22,1.17,58.0,0.403,5.41,235.0,5.63,734.0,45.2,3.11
quinoa,0.9640333333,barley hulled,354.0,12.48,2.3,73.48,0.8,17.3,1.0,0.318,0.0,0.0,0.57,19.0,4.604,0.285,0.646,33.0,0.498,3.6,133.0,1.943,264.0,37.7,2.77
rye,0.41,crackers rye,398.6666666666667,9.266666666666666,10.8,71.66666666666667,0.3366666666666666,15.8,8.0,0.179,0.04,0.1999999999999999,0.2666666666666666,74.66666666666667,2.5416666666666665,0.3353333333333333,0.4516666666666666,102.0,0.3506666666666667,3.81,88.0,2.790666666666666,326.6666666666667,25.7,2.0166666666666666
sorghum,0.88,syrups sorghum,290.0,0.0,0.0,74.9,74.9,0.0,0.0,0.67,0.0,0.0,0.0,0.0,0.1,0.155,0.1,150.0,0.13,3.8,100.0,1.53,56.0,1.7,0.41
wheat,0.6712295455,wheat sprouted,198.0,7.49,1.27,42.53,0.0,1.1,0.0,0.265,0.0,2.6,0.0,38.0,3.087,0.155,0.225,28.0,0.261,2.14,82.0,1.858,200.0,42.5,1.65
bean,0.6742857143,stew pinto bean and hominy,32.0,1.42,0.54,5.38,0.0,1.5,0.0,0.036,0.0,0.0,0.04,0.0,0.097,0.0,0.0,7.0,0.036,0.37,11.0,0.059,25.0,2.2,0.18
chickpea,0.6733333333,oat bran raw,246.0,17.3,7.03,66.22,1.45,15.4,0.0,0.165,0.0,0.0,1.01,52.0,0.934,0.22,1.17,58.0,0.403,5.41,235.0,5.63,734.0,45.2,3.11
green bean fresh,0.7324271134,kiwifruit green,61.0,1.14,0.52,14.66,8.99,3.0,4.0,0.063,0.0,92.7,1.46,25.0,0.341,0.025,0.027,34.0,0.13,0.31,17.0,0.098,34.0,0.2,0.14
lentil,1.03,stew pinto bean and hominy,32.0,1.42,0.54,5.38,0.0,1.5,0.0,0.036,0.0,0.0,0.04,0.0,0.097,0.0,0.0,7.0,0.036,0.37,11.0,0.059,25.0,2.2,0.18
pea,0.58075,broccoli flower clusters,28.0,2.98,0.35,5.24,0.0,0.0,150.0,0.159,0.0,93.2,0.0,71.0,0.638,0.119,0.065,48.0,0.045,0.88,25.0,0.229,66.0,3.0,0.4
soybean,0.604106,candies sesame crunch,516.0,11.6,33.3,50.3,31.17,7.7,0.0,0.491,0.0,0.0,0.16,51.0,3.703,0.159,0.444,639.0,0.95,4.27,251.0,1.609,412.0,4.0,3.76
green bean fresh,0.30525,kiwifruit green,61.0,1.14,0.52,14.66,8.99,3.0,4.0,0.063,0.0,92.7,1.46,25.0,0.341,0.025,0.027,34.0,0.13,0.31,17.0,0.098,34.0,0.2,0.14
mushroom,1.775150017,soup mushroom barley,45.5,1.135,1.365,7.199999999999999,0.0,0.15,6.0,0.105,0.0,0.0,0.0,3.5,0.53,0.053,0.015,7.5,0.13,0.305,5.5,0.075,37.5,0.0,0.3
almond,1.902,beverages almond milk,44.0,0.525,1.145,7.985,7.5,0.4,63.0,0.0045,1.25,2.2,2.81,1.0,0.089,0.177,0.0185,188.0,0.042,0.415,9.5,0.058,13.5,0.15,0.63
cashew nut,1.556281515,frostings coconut nut,433.0,1.5,24.0,52.7,40.0,2.5,0.0,0.047,0.0,0.2,1.09,2.0,0.212,0.019,0.035,13.0,0.125,0.54,19.0,0.673,63.0,2.5,0.41
chestnut,0.6366666667,lima beans thin seeded baby,195.66666666666663,12.233333333333334,0.5633333333333334,36.48333333333333,2.773333333333333,12.0,0.0,0.161,0.0,0.0,0.2333333333333333,233.3333333333333,1.0106666666666666,0.1093333333333333,0.2986666666666667,46.333333333333336,0.365,3.6633333333333336,98.0,0.952,208.0,5.6000000000000005,1.5533333333333337
hazelnut,1.0674,candies almond joy candy bar,479.0,4.13,26.93,59.51,48.34,5.0,0.0,0.0,0.0,0.7,0.0,0.0,0.0,0.0,0.0,64.0,0.0,1.27,0.0,0.0,112.0,0.0,0.0
mixed nuts,0.47,nuts mixed nuts,605.75,17.9525,53.38625,22.92375,3.3550000000000004,7.1375,0.375,0.295625,0.0,0.4875,6.285,57.625,4.806875,0.285125,0.2915,104.125,1.3185,3.19375,239.25,1.903875,446.125,83.72500000000001,3.94625
palm nut,0.8,danish pastry nut includes almond,430.0,7.1,25.2,45.7,25.87,2.0,9.0,0.104,0.21,1.7,0.82,122.0,2.3,0.24,0.22,94.0,0.195,1.8,32.0,0.845,110.0,14.2,0.87
peanut,0.8853333333,sugars maple,354.0,0.1,0.2,90.9,84.87,0.0,0.0,0.003,0.0,0.0,0.0,0.0,0.04,0.013,0.009,90.0,0.099,1.61,19.0,4.422,3.0,0.8,6.06
pistachio,1.6025,nuts pine nuts,651.0,12.63,64.675,16.19,1.795,7.199999999999999,1.0,0.1025,0.0,1.4,4.665,46.0,4.3785,0.225,0.8035000000000001,12.0,1.1795,4.295,242.5,6.5675,305.0,0.35,5.365
walnut,1.748666667,melon banana navajo,21.0,0.84,0.2,4.06,3.36,0.3,0.0,0.05,0.0,8.1,0.0,0.0,0.46,0.018,0.02,13.0,0.035,0.21,10.0,0.036,9.0,0.4,0.14
rice,2.53557214092141,puddings rice,179.0,3.1175,1.675,37.77,2.8975,0.3,23.5,0.0335,0.1575,0.675,0.0175,3.25,0.7785,0.1185,0.106,79.25,0.03075,0.66,10.5,0.12325,73.25,1.85,0.375
sunflower seed,1.1595,spices poppy seed,525.0,17.99,41.56,28.13,2.99,19.5,0.0,0.247,0.0,1.0,1.77,82.0,0.896,0.1,0.854,1438.0,1.627,9.76,347.0,6.707,870.0,13.5,7.9
chili,0.8,fast foods chili con carne,101.0,9.73,3.27,8.67,0.0,0.0,33.0,0.13,0.45,0.6,0.0,22.0,0.98,0.45,0.05,27.0,0.235,2.05,18.0,0.157,78.0,17.4,1.41
ginger,0.88,spices ginger,335.0,8.98,4.24,71.62,3.39,14.1,2.0,0.626,0.0,0.7,0.0,13.0,9.62,0.17,0.046,114.0,0.48,19.8,214.0,33.3,168.0,55.8,3.64
potato,0.2462097798599999,fast foods potato,162.42857142857142,4.042857142857143,7.880000000000001,20.95142857142857,0.1142857142857143,0.7285714285714285,57.85714285714285,0.2445714285714286,0.0671428571428571,8.085714285714287,0.2985714285714285,14.142857142857142,1.4134285714285717,0.062,0.085,68.85714285714286,0.1735714285714285,0.9642857142857144,24.142857142857142,0.184,99.57142857142856,1.6714285714285717,0.5628571428571428
starchy roots,0.29,beets raw,43.0,1.61,0.17,9.56,6.76,2.8,2.0,0.067,0.0,4.9,0.04,109.0,0.334,0.04,0.031,16.0,0.075,0.8,23.0,0.329,40.0,0.7,0.35
sweet potato,0.35,sweet potato raw,86.0,1.57,0.05,20.12,4.18,3.0,709.0,0.209,0.0,2.4,0.26,11.0,0.557,0.061,0.078,30.0,0.151,0.61,25.0,0.258,47.0,0.6,0.3
cucumber,2.587644531,pickles cucumber,43.16666666666666,0.435,0.2783333333333333,10.703333333333331,8.201666666666666,1.0833333333333333,21.0,0.0211666666666666,0.0,1.4166666666666667,0.1883333333333333,3.333333333333333,0.0845,0.0326666666666666,0.0206666666666666,29.83333333333333,0.0598333333333333,0.36,5.5,0.0376666666666666,15.0,0.0,0.0733333333333333
lettuce,2.694285714,lettuce cos or romaine,17.0,1.23,0.3,3.29,1.19,2.1,436.0,0.074,0.0,4.0,0.13,136.0,0.313,0.067,0.072,33.0,0.048,0.97,14.0,0.155,30.0,0.4,0.23
pepper,4.6,spices paprika,282.0,14.14,12.89,53.99,10.34,34.9,2463.0,2.141,0.0,0.9,29.1,49.0,10.06,1.23,0.33,229.0,0.713,21.14,178.0,1.59,314.0,6.3,4.33
tomato,2.885058419,tomato products canned,46.0,1.9981818181818185,0.4827272727272726,10.254545454545454,4.609999999999999,2.109090909090909,45.09090909090909,0.157,0.0,13.67272727272727,1.5527272727272723,11.909090909090908,1.5782727272727273,0.1068181818181818,0.0571818181818181,20.818181818181817,0.2131818181818181,1.6445454545454543,23.818181818181817,0.2192727272727272,47.81818181818182,1.4818181818181817,0.3463636363636363
cucumber,0.32,pickles cucumber,43.16666666666666,0.435,0.2783333333333333,10.703333333333331,8.201666666666666,1.0833333333333333,21.0,0.0211666666666666,0.0,1.4166666666666667,0.1883333333333333,3.333333333333333,0.0845,0.0326666666666666,0.0206666666666666,29.83333333333333,0.0598333333333333,0.36,5.5,0.0376666666666666,15.0,0.0,0.0733333333333333
eggplant,2.9,eggplant pickled,49.0,0.9,0.7,9.77,4.8,2.5,3.0,0.14,0.0,0.0,0.03,20.0,0.66,0.07,0.05,25.0,0.173,0.77,6.0,0.0,9.0,0.6,0.23
pepper,1.175,spices paprika,282.0,14.14,12.89,53.99,10.34,34.9,2463.0,2.141,0.0,0.9,29.1,49.0,10.06,1.23,0.33,229.0,0.713,21.14,178.0,1.59,314.0,6.3,4.33
tomato,0.9412380952,tomato products canned,46.0,1.9981818181818185,0.4827272727272726,10.254545454545454,4.609999999999999,2.109090909090909,45.09090909090909,0.157,0.0,13.67272727272727,1.5527272727272723,11.909090909090908,1.5782727272727273,0.1068181818181818,0.0571818181818181,20.818181818181817,0.2131818181818181,1.6445454545454543,23.818181818181817,0.2192727272727272,47.81818181818182,1.4818181818181817,0.3463636363636363
zucchini,1.7714,squash zucchini,21.0,2.71,0.4,3.11,0.0,1.1,25.0,0.142,0.0,34.1,0.0,20.0,0.705,0.036,0.042,21.0,0.097,0.79,33.0,0.196,93.0,0.3,0.83
asparagus,0.9667195402,broccoli stalks,28.0,2.98,0.35,5.24,0.0,0.0,20.0,0.159,0.0,93.2,0.0,71.0,0.638,0.119,0.065,48.0,0.045,0.88,25.0,0.229,66.0,3.0,0.4
lettuce,0.3981359259,lettuce cos or romaine,17.0,1.23,0.3,3.29,1.19,2.1,436.0,0.074,0.0,4.0,0.13,136.0,0.313,0.067,0.072,33.0,0.048,0.97,14.0,0.155,30.0,0.4,0.23
spinach,0.4826666667,spaghetti spinach,251.0,8.965,1.1,50.48,1.36,5.3,15.5,0.2095,0.0,0.0,0.37,30.0,3.04,0.1495,0.235,44.0,0.352,1.585,118.0,2.0745,220.0,42.8,1.92
beetroot,0.245,beets pickled,65.0,0.8,0.08,16.28,13.59,2.6,2.0,0.05,0.0,2.3,0.06,27.0,0.251,0.048,0.01,11.0,0.116,0.41,15.0,0.22,17.0,1.0,0.26
carrot,0.228875,carrot dehydrated,341.0,8.1,1.49,79.57,38.82,23.6,3423.0,1.04,0.0,14.6,5.45,55.0,6.567,0.417,0.534,212.0,0.37,3.93,118.0,1.116,346.0,8.6,1.57
garlic,0.674,garlic raw,149.0,6.36,0.5,33.06,1.0,2.1,0.0,1.235,0.0,31.2,0.08,3.0,0.7,0.11,0.2,181.0,0.299,1.7,25.0,1.672,153.0,14.2,1.16
onion,0.2394833333,soup onion,117.0,3.620000000000001,0.59,24.84,2.523333333333334,2.533333333333333,1.3333333333333333,0.2156666666666666,0.0,1.5,0.12,4.0,0.6749999999999999,0.102,0.106,58.0,0.1593333333333333,0.6166666666666667,22.0,0.298,76.33333333333333,2.9,0.5566666666666668
radish,0.15379,pickles cucumber,43.16666666666666,0.435,0.2783333333333333,10.703333333333331,8.201666666666666,1.0833333333333333,21.0,0.0211666666666666,0.0,1.4166666666666667,0.1883333333333333,3.333333333333333,0.0845,0.0326666666666666,0.0206666666666666,29.83333333333333,0.0598333333333333,0.36,5.5,0.0376666666666666,15.0,0.0,0.0733333333333333
swede,0.29,fast foods potatoes,272.0,2.58,17.04,28.88,0.56,2.7,0.0,0.186,0.0,5.4,2.62,12.0,1.838,0.038,0.137,19.0,0.1,0.6,21.0,0.158,98.0,0.4,0.36
turnip,0.35,carrots baby,35.0,0.64,0.13,8.24,4.76,2.9,690.0,0.105,0.0,2.6,0.0,27.0,0.556,0.036,0.03,32.0,0.1,0.89,10.0,0.151,28.0,0.9,0.17
artichoke,0.33,kashi spinach artichoke pasta frozen,111.0,5.0,3.4,15.1,0.1,3.0,0.0,0.1,0.0,0.0,0.0,0.0,1.9,0.1,0.1,66.0,0.0,1.0,12.0,0.0,28.0,0.0,0.2
broccoli,0.6693684211,broccoli chinese,22.0,1.14,0.72,3.81,0.84,2.5,82.0,0.07,0.0,28.2,0.48,99.0,0.437,0.146,0.095,100.0,0.061,0.56,18.0,0.264,41.0,1.3,0.39
cauliflower,0.3188,broccoli stalks,28.0,2.98,0.35,5.24,0.0,0.0,20.0,0.159,0.0,93.2,0.0,71.0,0.638,0.119,0.065,48.0,0.045,0.88,25.0,0.229,66.0,3.0,0.4
celery,0.32,celery raw,16.0,0.69,0.17,2.97,1.34,1.6,22.0,0.074,0.0,3.1,0.27,36.0,0.32,0.057,0.021,40.0,0.035,0.2,11.0,0.103,24.0,0.4,0.13
cucumber,0.3153541776,pickles cucumber,43.16666666666666,0.435,0.2783333333333333,10.703333333333331,8.201666666666666,1.0833333333333333,21.0,0.0211666666666666,0.0,1.4166666666666667,0.1883333333333333,3.333333333333333,0.0845,0.0326666666666666,0.0206666666666666,29.83333333333333,0.0598333333333333,0.36,5.5,0.0376666666666666,15.0,0.0,0.0733333333333333
eggplant,0.454584,eggplant pickled,49.0,0.9,0.7,9.77,4.8,2.5,3.0,0.14,0.0,0.0,0.03,20.0,0.66,0.07,0.05,25.0,0.173,0.77,6.0,0.0,9.0,0.6,0.23
fennel,0.48,fennel bulb,31.0,1.24,0.2,7.3,3.93,3.1,48.0,0.047,0.0,12.0,0.58,27.0,0.64,0.032,0.01,49.0,0.066,0.73,17.0,0.191,50.0,0.7,0.2
pepper,0.57904,spices paprika,282.0,14.14,12.89,53.99,10.34,34.9,2463.0,2.141,0.0,0.9,29.1,49.0,10.06,1.23,0.33,229.0,0.713,21.14,178.0,1.59,314.0,6.3,4.33
pumpkin,0.3846762295,pumpkin flowers,15.0,1.09,0.08,3.18,2.4,0.9,87.0,0.05,0.0,5.0,0.04,41.0,0.31,0.032,0.018,37.0,0.1,0.88,25.0,0.0,34.0,0.9,0.1
tomato,0.484513725,tomato products canned,46.0,1.9981818181818185,0.4827272727272726,10.254545454545454,4.609999999999999,2.109090909090909,45.09090909090909,0.157,0.0,13.67272727272727,1.5527272727272723,11.909090909090908,1.5782727272727273,0.1068181818181818,0.0571818181818181,20.818181818181817,0.2131818181818181,1.6445454545454543,23.818181818181817,0.2192727272727272,47.81818181818182,1.4818181818181817,0.3463636363636363
vegetables,0.6926075,soup beef and vegetables,45.0,3.22,1.055,5.575,1.235,1.0,57.5,0.063,0.085,1.8,0.225,4.5,0.9425,0.0155,0.015,17.5,0.026,0.48,9.5,0.0575,45.5,3.0,0.485
zucchini,0.6516393443,squash zucchini,21.0,2.71,0.4,3.11,0.0,1.1,25.0,0.142,0.0,34.1,0.0,20.0,0.705,0.036,0.042,21.0,0.097,0.79,33.0,0.196,93.0,0.3,0.83
anchovy,0.8144166667,fish anchovy,170.5,24.62,7.275,0.0,0.0,0.0,13.5,0.173,0.75,0.0,1.95,11.0,16.9635,0.3095,0.0665,189.5,0.275,3.94,55.0,0.085,213.0,52.3,2.08
catfish,8.93,fish catfish,138.4,17.322,6.426,1.608,0.0,0.1399999999999999,7.8,0.1485999999999999,2.538,0.3,0.356,16.2,2.2454,0.091,0.1108,17.2,0.049,0.518,24.0,0.025,236.0,11.78,0.608
cod,3.289318182,fish cod,111.5,24.7725,0.765,0.0,0.0,0.0,10.75,0.240875,2.1625,0.8125,0.7899999999999999,7.875,2.127375,0.070375,0.07375,33.625,0.045125,0.56875,44.375,0.019875,320.25,38.4375,0.585
diamond fish,7.560333333,fish caviar,264.0,24.6,17.9,4.0,0.0,0.0,271.0,0.32,20.0,0.0,1.89,50.0,0.12,0.62,0.19,275.0,0.11,11.88,300.0,0.05,356.0,65.5,0.95
eel,3.88,seaweed wakame,45.0,3.03,0.64,9.14,0.65,0.5,18.0,0.002,0.0,3.0,1.0,196.0,1.6,0.23,0.06,150.0,0.284,2.18,107.0,1.4,80.0,0.7,0.38
fish mixed,4.012083333,vegetables mixed,56.4,2.612,0.2639999999999999,11.208000000000002,1.73,3.92,253.0,0.08,0.0,5.12,0.2099999999999999,21.8,0.8026,0.0825999999999999,0.0688,24.6,0.0872,0.858,19.8,0.3994,48.0,0.3,0.4699999999999999
fork beard,8.0086,potatoes mashed,175.8181818181818,3.917272727272727,3.3145454545454545,33.31636363636363,1.6245454545454543,3.0545454545454542,30.90909090909091,0.3166363636363636,0.0381818181818181,17.690909090909088,0.14,16.181818181818183,2.0387272727272725,0.1025454545454545,0.217,42.27272727272727,0.1271818181818181,0.6863636363636364,34.54545454545455,0.2232727272727272,95.8181818181818,7.236363636363635,0.4318181818181818
haddock,3.246666667,fish haddock,93.33333333333331,20.51333333333333,0.6533333333333333,0.0,0.0,0.0,20.666666666666668,0.336,1.8533333333333333,0.0,0.5166666666666667,13.333333333333334,4.185,0.0583333333333333,0.03,24.666666666666668,0.0296666666666666,0.5933333333333333,33.666666666666664,0.018,252.0,33.5,0.4066666666666667
hake,10.11637778,carambola starfruit,31.0,1.04,0.33,6.73,3.98,2.8,3.0,0.017,0.0,34.4,0.15,12.0,0.367,0.016,0.014,3.0,0.137,0.08,10.0,0.037,12.0,0.6,0.12
herring,2.210666667,pickles cucumber,43.16666666666666,0.435,0.2783333333333333,10.703333333333331,8.201666666666666,1.0833333333333333,21.0,0.0211666666666666,0.0,1.4166666666666667,0.1883333333333333,3.333333333333333,0.0845,0.0326666666666666,0.0206666666666666,29.83333333333333,0.0598333333333333,0.36,5.5,0.0376666666666666,15.0,0.0,0.0733333333333333
ling,6.4486,beverages,8.0,0.05,0.01,1.94,1.3,0.0,0.0,0.0,3.38,0.0,0.0,0.0,0.0,0.0,0.0,0.0,0.0,0.0,0.0,0.0,7.0,0.0,0.0
mackerel,2.054663768,entrees fish fillet,232.0,14.66,12.29,16.97,0.0,0.5,11.0,0.102,1.11,0.0,0.0,20.0,2.102,0.106,0.109,18.0,0.045,2.11,24.0,0.185,171.0,9.1,0.44
pollock,1.4,fish spot,140.5,21.12,5.59,0.0,0.0,0.0,32.5,0.431,3.23,0.0,0.0,5.5,7.763,0.244,0.1725,16.0,0.0525,0.365,48.0,0.04,212.0,41.65,0.5800000000000001
rock fish,6.94,fish caviar,264.0,24.6,17.9,4.0,0.0,0.0,271.0,0.32,20.0,0.0,1.89,50.0,0.12,0.62,0.19,275.0,0.11,11.88,300.0,0.05,356.0,65.5,0.95
salmon,3.799502405,fish salmon,116.0,20.69,3.67,0.0,0.0,0.0,32.0,0.189,8.08,0.0,0.49,18.0,8.79,0.217,0.156,7.0,0.137,0.56,26.0,0.03,230.0,39.7,0.54
sardine,0.9028,carambola starfruit,31.0,1.04,0.33,6.73,3.98,2.8,3.0,0.017,0.0,34.4,0.15,12.0,0.367,0.016,0.014,3.0,0.137,0.08,10.0,0.037,12.0,0.6,0.12
sea bass,3.59096,fish sea bass,110.5,21.03,2.28,0.0,0.0,0.0,55.0,0.43,0.3,0.0,0.42,5.5,1.75,0.135,0.12,11.5,0.0215,0.3299999999999999,47.0,0.0175,221.0,41.65,0.46
shark,10.09044444,veal rib,192.66666666666663,25.90333333333333,9.106666666666667,0.0,0.0,0.0,0.0,0.34,1.4450000000000005,0.0,0.3033333333333333,14.0,7.27,0.2716666666666666,0.06,16.0,0.1144999999999999,1.0883333333333334,23.666666666666668,0.0326666666666666,201.66666666666663,11.133333333333333,4.473333333333334
sole,5.4,fish tilapia,112.0,23.115,2.175,0.0,0.0,0.0,0.0,0.1425,1.7200000000000002,0.0,0.595,15.0,4.324,0.068,0.067,12.0,0.075,0.625,30.5,0.037,187.0,48.1,0.37
swordfish,12.838,fish swordfish,158.0,21.555,7.29,0.0,0.0,0.0,39.5,0.579,1.66,0.0,2.215,2.0,8.507,0.0579999999999999,0.0819999999999999,5.5,0.0424999999999999,0.415,32.0,0.012,279.5,62.95,0.72
trout,3.645946032,entrees fish fillet,232.0,14.66,12.29,16.97,0.0,0.5,11.0,0.102,1.11,0.0,0.0,20.0,2.102,0.106,0.109,18.0,0.045,2.11,24.0,0.185,171.0,9.1,0.44
tuna,4.676625,fish tuna,144.85714285714286,25.75071428571428,3.918571428571429,0.0,0.0,0.0,110.21428571428572,0.4975,3.250714285714286,0.1428571428571428,0.42,4.214285714285714,12.650357142857144,0.1196428571428571,0.0735714285714286,13.0,0.0751428571428571,1.1464285714285716,36.785714285714285,0.0159285714285714,256.42857142857144,65.71428571428571,0.6585714285714286
cod frozen,3.088333333,taquitos frozen,285.5,9.305,12.665,33.545,1.48,2.85,32.5,0.1595,0.23,0.0,1.19,106.0,3.6935,0.293,0.331,100.5,0.101,2.5700000000000003,24.0,0.3745,134.5,16.05,0.88
fish stick frozen,2.260802469,fish sticks meatless,290.0,23.0,18.0,9.0,0.8,6.1,0.0,1.5,4.2,0.0,3.95,102.0,12.0,0.9,1.1,95.0,0.925,2.0,23.0,0.0,450.0,4.4,1.4
haddock frozen,3.72,taquitos frozen,285.5,9.305,12.665,33.545,1.48,2.85,32.5,0.1595,0.23,0.0,1.19,106.0,3.6935,0.293,0.331,100.5,0.101,2.5700000000000003,24.0,0.3745,134.5,16.05,0.88
herring frozen,1.305,taquitos frozen,285.5,9.305,12.665,33.545,1.48,2.85,32.5,0.1595,0.23,0.0,1.19,106.0,3.6935,0.293,0.331,100.5,0.101,2.5700000000000003,24.0,0.3745,134.5,16.05,0.88
mackerel frozen,1.111666667,taquitos frozen,285.5,9.305,12.665,33.545,1.48,2.85,32.5,0.1595,0.23,0.0,1.19,106.0,3.6935,0.293,0.331,100.5,0.101,2.5700000000000003,24.0,0.3745,134.5,16.05,0.88
mixed fish frozen,1.04,vegetables mixed,56.4,2.612,0.2639999999999999,11.208000000000002,1.73,3.92,253.0,0.08,0.0,5.12,0.2099999999999999,21.8,0.8026,0.0825999999999999,0.0688,24.6,0.0872,0.858,19.8,0.3994,48.0,0.3,0.4699999999999999
pollock frozen,0.895,taquitos frozen,285.5,9.305,12.665,33.545,1.48,2.85,32.5,0.1595,0.23,0.0,1.19,106.0,3.6935,0.293,0.331,100.5,0.101,2.5700000000000003,24.0,0.3745,134.5,16.05,0.88
pollock stick frozen,2.14,taquitos frozen,285.5,9.305,12.665,33.545,1.48,2.85,32.5,0.1595,0.23,0.0,1.19,106.0,3.6935,0.293,0.331,100.5,0.101,2.5700000000000003,24.0,0.3745,134.5,16.05,0.88
salmon frozen,1.9925,asparagus frozen,20.0,3.043333333333333,0.3566666666666667,2.6466666666666665,0.2133333333333333,1.7,42.333333333333336,0.0503333333333333,0.0,26.866666666666664,0.7999999999999999,153.66666666666666,1.092666666666667,0.1123333333333333,0.0836666666666666,20.33333333333333,0.1156666666666666,0.6166666666666667,11.333333333333334,0.161,54.0,3.1666666666666665,0.47
sole frozen,14.278,taquitos frozen,285.5,9.305,12.665,33.545,1.48,2.85,32.5,0.1595,0.23,0.0,1.19,106.0,3.6935,0.293,0.331,100.5,0.101,2.5700000000000003,24.0,0.3745,134.5,16.05,0.88
trout frozen,4.375,taquitos frozen,285.5,9.305,12.665,33.545,1.48,2.85,32.5,0.1595,0.23,0.0,1.19,106.0,3.6935,0.293,0.331,100.5,0.101,2.5700000000000003,24.0,0.3745,134.5,16.05,0.88
tuna frozen,2.6625,edamame frozen,116.0,10.565,4.965,9.26,2.33,5.0,0.0,0.1175,0.0,7.899999999999999,0.7,307.0,0.92,0.21,0.175,61.5,0.3345,2.19,62.5,1.017,165.0,0.0,1.3450000000000002
cod fish stick,2.14,fish fish sticks,277.0,11.01,16.23,21.66,1.65,1.5,4.0,0.078,0.96,0.0,6.88,24.0,1.536,0.116,0.122,16.0,0.059,0.84,25.0,0.182,191.0,15.7,0.42
hake fish stick,2.14,fish sticks meatless,290.0,23.0,18.0,9.0,0.8,6.1,0.0,1.5,4.2,0.0,3.95,102.0,12.0,0.9,1.1,95.0,0.925,2.0,23.0,0.0,450.0,4.4,1.4
tuna in can,2.0,pasta with sliced franks in tomato sauce canned entree,90.0,4.37,2.38,12.69,3.17,1.6,13.0,0.073,0.19,3.8,0.74,64.0,1.157,0.069,0.078,60.0,0.136,0.91,14.0,0.129,43.0,8.0,0.52
lobster,19.302,soup crab,31.0,2.25,0.62,4.22,0.0,0.3,10.0,0.05,0.08,0.0,0.0,6.0,0.55,0.03,0.08,27.0,0.2,0.5,6.0,0.2,36.0,2.6,0.6
mussels,0.9379428571,fast foods clams,392.0,11.15,22.96,33.75,0.0,0.0,32.0,0.03,0.96,0.0,0.0,57.0,2.49,0.23,0.18,18.0,0.083,2.65,27.0,0.268,207.0,8.3,1.42
cuttlefish,5.05,carambola starfruit,31.0,1.04,0.33,6.73,3.98,2.8,3.0,0.017,0.0,34.4,0.15,12.0,0.367,0.016,0.014,3.0,0.137,0.08,10.0,0.037,12.0,0.6,0.12
octopus,5.8,asparagus canned,16.333333333333332,1.913333333333333,0.3366666666666666,2.473333333333333,0.6866666666666666,1.2,26.666666666666668,0.102,0.0,17.133333333333333,0.89,88.66666666666667,0.8853333333333332,0.0926666666666666,0.0563333333333333,15.333333333333334,0.1033333333333333,1.01,9.333333333333334,0.158,39.66666666666666,1.6333333333333335,0.4466666666666666
squid,7.507337123,fast foods shrimp,308.0,7.84,18.9,27.99,0.1,0.7,32.0,0.06,0.53,0.0,2.52,62.0,1.24,0.02,0.06,29.0,0.097,0.86,16.0,0.172,185.0,9.7,0.58
shrimps,11.95,fast foods shrimp,308.0,7.84,18.9,27.99,0.1,0.7,32.0,0.06,0.53,0.0,2.52,62.0,1.24,0.02,0.06,29.0,0.097,0.86,16.0,0.172,185.0,9.7,0.58
octopus frozen,7.878611111,collards frozen,35.0,2.876666666666667,0.3966666666666666,6.886666666666666,0.3799999999999999,3.0666666666666664,536.3333333333334,0.1143333333333333,0.0,30.933333333333337,0.8333333333333334,75.0,0.637,0.1133333333333333,0.048,207.0,0.0543333333333333,1.1033333333333335,29.666666666666668,0.653,27.0,1.4666666666666668,0.2666666666666666
shrimps frozen,17.73375,taquitos frozen,285.5,9.305,12.665,33.545,1.48,2.85,32.5,0.1595,0.23,0.0,1.19,106.0,3.6935,0.293,0.331,100.5,0.101,2.5700000000000003,24.0,0.3745,134.5,16.05,0.88
